Filename,Severity,Score,Rule ID,Description,Timestamp Value,Expected Value,Time Diff (Days),Source Layer
ehome,CRITICAL,250.0,zero_timestamp,Zero/empty timestamp (Windows epoch 1601) - indicates file timestamp manipulation,0000-00-00 00:00:00,Valid date after 1970,,Timeline
ehome,CRITICAL,250.0,timestamp_order_anomaly,Timestamp sequence anomaly: File has zero/empty timestamp - strong indicator of manipulation,0000-00-00 00:00:00,,,Timeline (MACE Analysis)
ehome,CRITICAL,250.0,volume_boundary_violation,File created 1505 days BEFORE volume creation - IMPOSSIBLE,2011-04-12 13:58:10,After 2015-05-26,1505.0,Volume Boundary
rdyboost,CRITICAL,250.0,zero_timestamp,Zero/empty timestamp (Windows epoch 1601) - indicates file timestamp manipulation,0000-00-00 00:00:00,Valid date after 1970,,Timeline
rdyboost,CRITICAL,250.0,timestamp_order_anomaly,Timestamp sequence anomaly: File has zero/empty timestamp - strong indicator of manipulation,0000-00-00 00:00:00,,,Timeline (MACE Analysis)
rdyboost,CRITICAL,250.0,volume_boundary_violation,File created 2142 days BEFORE volume creation - IMPOSSIBLE,2009-07-14 11:02:38,After 2015-05-26,2142.0,Volume Boundary
x86_microsoft-windows-s..ologies-webcontrols_31bf3856ad364e35_7.1.7600.16395_none_39bc056e339474f4,CRITICAL,250.0,zero_timestamp,Zero/empty timestamp (Windows epoch 1601) - indicates file timestamp manipulation,0000-00-00 00:00:00,Valid date after 1970,,Timeline
x86_microsoft-windows-s..ologies-webcontrols_31bf3856ad364e35_7.1.7600.16395_none_39bc056e339474f4,CRITICAL,250.0,timestamp_order_anomaly,Timestamp sequence anomaly: File has zero/empty timestamp - strong indicator of manipulation,0000-00-00 00:00:00,,,Timeline (MACE Analysis)
x86_microsoft-windows-s..ologies-webcontrols_31bf3856ad364e35_7.1.7600.16395_none_39bc056e339474f4,CRITICAL,250.0,volume_boundary_violation,File created 485 days BEFORE volume creation - IMPOSSIBLE,2014-01-25 19:20:30,After 2015-05-26,485.0,Volume Boundary
RH2Z0AVI,HIGH,150.0,zero_timestamp,Zero/empty timestamp (Windows epoch 1601) - indicates file timestamp manipulation,0000-00-00 00:00:00,Valid date after 1970,,Timeline
RH2Z0AVI,HIGH,150.0,timestamp_order_anomaly,Timestamp sequence anomaly: File has zero/empty timestamp - strong indicator of manipulation,0000-00-00 00:00:00,,,Timeline (MACE Analysis)
images24CHX7BY.jpg,HIGH,150.0,zero_timestamp,Zero/empty timestamp (Windows epoch 1601) - indicates file timestamp manipulation,0000-00-00 00:00:00,Valid date after 1970,,Timeline
images24CHX7BY.jpg,HIGH,150.0,timestamp_order_anomaly,Timestamp sequence anomaly: File has zero/empty timestamp - strong indicator of manipulation,0000-00-00 00:00:00,,,Timeline (MACE Analysis)
s[5].json,HIGH,150.0,zero_timestamp,Zero/empty timestamp (Windows epoch 1601) - indicates file timestamp manipulation,0000-00-00 00:00:00,Valid date after 1970,,Timeline
s[5].json,HIGH,150.0,timestamp_order_anomaly,Timestamp sequence anomaly: File has zero/empty timestamp - strong indicator of manipulation,0000-00-00 00:00:00,,,Timeline (MACE Analysis)
likes-rest-legacy[1].js,HIGH,150.0,zero_timestamp,Zero/empty timestamp (Windows epoch 1601) - indicates file timestamp manipulation,0000-00-00 00:00:00,Valid date after 1970,,Timeline
likes-rest-legacy[1].js,HIGH,150.0,timestamp_order_anomaly,Timestamp sequence anomaly: File has zero/empty timestamp - strong indicator of manipulation,0000-00-00 00:00:00,,,Timeline (MACE Analysis)
imagesS93C0SKE.jpg,HIGH,150.0,zero_timestamp,Zero/empty timestamp (Windows epoch 1601) - indicates file timestamp manipulation,0000-00-00 00:00:00,Valid date after 1970,,Timeline
imagesS93C0SKE.jpg,HIGH,150.0,timestamp_order_anomaly,Timestamp sequence anomaly: File has zero/empty timestamp - strong indicator of manipulation,0000-00-00 00:00:00,,,Timeline (MACE Analysis)
imagesDV4ZLGGB.jpg,HIGH,150.0,zero_timestamp,Zero/empty timestamp (Windows epoch 1601) - indicates file timestamp manipulation,0000-00-00 00:00:00,Valid date after 1970,,Timeline
imagesDV4ZLGGB.jpg,HIGH,150.0,timestamp_order_anomaly,Timestamp sequence anomaly: File has zero/empty timestamp - strong indicator of manipulation,0000-00-00 00:00:00,,,Timeline (MACE Analysis)
imagesMGN6NW3L.jpg,HIGH,150.0,zero_timestamp,Zero/empty timestamp (Windows epoch 1601) - indicates file timestamp manipulation,0000-00-00 00:00:00,Valid date after 1970,,Timeline
imagesMGN6NW3L.jpg,HIGH,150.0,timestamp_order_anomaly,Timestamp sequence anomaly: File has zero/empty timestamp - strong indicator of manipulation,0000-00-00 00:00:00,,,Timeline (MACE Analysis)
imgevent[4].js,HIGH,150.0,zero_timestamp,Zero/empty timestamp (Windows epoch 1601) - indicates file timestamp manipulation,0000-00-00 00:00:00,Valid date after 1970,,Timeline
imgevent[4].js,HIGH,150.0,timestamp_order_anomaly,Timestamp sequence anomaly: File has zero/empty timestamp - strong indicator of manipulation,0000-00-00 00:00:00,,,Timeline (MACE Analysis)
images90Z5G7VT.jpg,HIGH,150.0,zero_timestamp,Zero/empty timestamp (Windows epoch 1601) - indicates file timestamp manipulation,0000-00-00 00:00:00,Valid date after 1970,,Timeline
images90Z5G7VT.jpg,HIGH,150.0,timestamp_order_anomaly,Timestamp sequence anomaly: File has zero/empty timestamp - strong indicator of manipulation,0000-00-00 00:00:00,,,Timeline (MACE Analysis)
images3JHTMQJG.jpg,HIGH,150.0,zero_timestamp,Zero/empty timestamp (Windows epoch 1601) - indicates file timestamp manipulation,0000-00-00 00:00:00,Valid date after 1970,,Timeline
images3JHTMQJG.jpg,HIGH,150.0,timestamp_order_anomaly,Timestamp sequence anomaly: File has zero/empty timestamp - strong indicator of manipulation,0000-00-00 00:00:00,,,Timeline (MACE Analysis)
imagesJBMOO4X9.jpg,HIGH,150.0,zero_timestamp,Zero/empty timestamp (Windows epoch 1601) - indicates file timestamp manipulation,0000-00-00 00:00:00,Valid date after 1970,,Timeline
imagesJBMOO4X9.jpg,HIGH,150.0,timestamp_order_anomaly,Timestamp sequence anomaly: File has zero/empty timestamp - strong indicator of manipulation,0000-00-00 00:00:00,,,Timeline (MACE Analysis)
imagesZKUJ3PLY.jpg,HIGH,150.0,zero_timestamp,Zero/empty timestamp (Windows epoch 1601) - indicates file timestamp manipulation,0000-00-00 00:00:00,Valid date after 1970,,Timeline
imagesZKUJ3PLY.jpg,HIGH,150.0,timestamp_order_anomaly,Timestamp sequence anomaly: File has zero/empty timestamp - strong indicator of manipulation,0000-00-00 00:00:00,,,Timeline (MACE Analysis)
imagesB5DEP1CS.jpg,HIGH,150.0,zero_timestamp,Zero/empty timestamp (Windows epoch 1601) - indicates file timestamp manipulation,0000-00-00 00:00:00,Valid date after 1970,,Timeline
imagesB5DEP1CS.jpg,HIGH,150.0,timestamp_order_anomaly,Timestamp sequence anomaly: File has zero/empty timestamp - strong indicator of manipulation,0000-00-00 00:00:00,,,Timeline (MACE Analysis)
imagesLXICC8CR.jpg,HIGH,150.0,zero_timestamp,Zero/empty timestamp (Windows epoch 1601) - indicates file timestamp manipulation,0000-00-00 00:00:00,Valid date after 1970,,Timeline
imagesLXICC8CR.jpg,HIGH,150.0,timestamp_order_anomaly,Timestamp sequence anomaly: File has zero/empty timestamp - strong indicator of manipulation,0000-00-00 00:00:00,,,Timeline (MACE Analysis)
new[1].js,HIGH,150.0,zero_timestamp,Zero/empty timestamp (Windows epoch 1601) - indicates file timestamp manipulation,0000-00-00 00:00:00,Valid date after 1970,,Timeline
new[1].js,HIGH,150.0,timestamp_order_anomaly,Timestamp sequence anomaly: File has zero/empty timestamp - strong indicator of manipulation,0000-00-00 00:00:00,,,Timeline (MACE Analysis)
images6P7EY075.jpg,HIGH,150.0,zero_timestamp,Zero/empty timestamp (Windows epoch 1601) - indicates file timestamp manipulation,0000-00-00 00:00:00,Valid date after 1970,,Timeline
images6P7EY075.jpg,HIGH,150.0,timestamp_order_anomaly,Timestamp sequence anomaly: File has zero/empty timestamp - strong indicator of manipulation,0000-00-00 00:00:00,,,Timeline (MACE Analysis)
imagesTDN5YNA3.jpg,HIGH,150.0,zero_timestamp,Zero/empty timestamp (Windows epoch 1601) - indicates file timestamp manipulation,0000-00-00 00:00:00,Valid date after 1970,,Timeline
imagesTDN5YNA3.jpg,HIGH,150.0,timestamp_order_anomaly,Timestamp sequence anomaly: File has zero/empty timestamp - strong indicator of manipulation,0000-00-00 00:00:00,,,Timeline (MACE Analysis)
images9S97FKXP.jpg,HIGH,150.0,zero_timestamp,Zero/empty timestamp (Windows epoch 1601) - indicates file timestamp manipulation,0000-00-00 00:00:00,Valid date after 1970,,Timeline
images9S97FKXP.jpg,HIGH,150.0,timestamp_order_anomaly,Timestamp sequence anomaly: File has zero/empty timestamp - strong indicator of manipulation,0000-00-00 00:00:00,,,Timeline (MACE Analysis)
imagesMMPJZ7WE.jpg,HIGH,150.0,zero_timestamp,Zero/empty timestamp (Windows epoch 1601) - indicates file timestamp manipulation,0000-00-00 00:00:00,Valid date after 1970,,Timeline
imagesMMPJZ7WE.jpg,HIGH,150.0,timestamp_order_anomaly,Timestamp sequence anomaly: File has zero/empty timestamp - strong indicator of manipulation,0000-00-00 00:00:00,,,Timeline (MACE Analysis)
images5FJU1VFE.jpg,HIGH,150.0,zero_timestamp,Zero/empty timestamp (Windows epoch 1601) - indicates file timestamp manipulation,0000-00-00 00:00:00,Valid date after 1970,,Timeline
images5FJU1VFE.jpg,HIGH,150.0,timestamp_order_anomaly,Timestamp sequence anomaly: File has zero/empty timestamp - strong indicator of manipulation,0000-00-00 00:00:00,,,Timeline (MACE Analysis)
imagesT4WIFEKX.jpg,HIGH,150.0,zero_timestamp,Zero/empty timestamp (Windows epoch 1601) - indicates file timestamp manipulation,0000-00-00 00:00:00,Valid date after 1970,,Timeline
imagesT4WIFEKX.jpg,HIGH,150.0,timestamp_order_anomaly,Timestamp sequence anomaly: File has zero/empty timestamp - strong indicator of manipulation,0000-00-00 00:00:00,,,Timeline (MACE Analysis)
imagesLQ0FVIYL.jpg,HIGH,150.0,zero_timestamp,Zero/empty timestamp (Windows epoch 1601) - indicates file timestamp manipulation,0000-00-00 00:00:00,Valid date after 1970,,Timeline
imagesLQ0FVIYL.jpg,HIGH,150.0,timestamp_order_anomaly,Timestamp sequence anomaly: File has zero/empty timestamp - strong indicator of manipulation,0000-00-00 00:00:00,,,Timeline (MACE Analysis)
fancybox-x[1].png,HIGH,150.0,zero_timestamp,Zero/empty timestamp (Windows epoch 1601) - indicates file timestamp manipulation,0000-00-00 00:00:00,Valid date after 1970,,Timeline
fancybox-x[1].png,HIGH,150.0,timestamp_order_anomaly,Timestamp sequence anomaly: File has zero/empty timestamp - strong indicator of manipulation,0000-00-00 00:00:00,,,Timeline (MACE Analysis)
IcelandIceberg_GettyRR_157855754_EN-US895885271[1].jpg,HIGH,150.0,zero_timestamp,Zero/empty timestamp (Windows epoch 1601) - indicates file timestamp manipulation,0000-00-00 00:00:00,Valid date after 1970,,Timeline
IcelandIceberg_GettyRR_157855754_EN-US895885271[1].jpg,HIGH,150.0,timestamp_order_anomaly,Timestamp sequence anomaly: File has zero/empty timestamp - strong indicator of manipulation,0000-00-00 00:00:00,,,Timeline (MACE Analysis)
ximg-flag-poland.png.pagespeed.ic.4-pnUQ4UXp[1].png,HIGH,150.0,zero_timestamp,Zero/empty timestamp (Windows epoch 1601) - indicates file timestamp manipulation,0000-00-00 00:00:00,Valid date after 1970,,Timeline
ximg-flag-poland.png.pagespeed.ic.4-pnUQ4UXp[1].png,HIGH,150.0,timestamp_order_anomaly,Timestamp sequence anomaly: File has zero/empty timestamp - strong indicator of manipulation,0000-00-00 00:00:00,,,Timeline (MACE Analysis)
images1Y3RRFWV.jpg,HIGH,150.0,zero_timestamp,Zero/empty timestamp (Windows epoch 1601) - indicates file timestamp manipulation,0000-00-00 00:00:00,Valid date after 1970,,Timeline
images1Y3RRFWV.jpg,HIGH,150.0,timestamp_order_anomaly,Timestamp sequence anomaly: File has zero/empty timestamp - strong indicator of manipulation,0000-00-00 00:00:00,,,Timeline (MACE Analysis)
imagesPYTKUYBU.jpg,HIGH,150.0,zero_timestamp,Zero/empty timestamp (Windows epoch 1601) - indicates file timestamp manipulation,0000-00-00 00:00:00,Valid date after 1970,,Timeline
imagesPYTKUYBU.jpg,HIGH,150.0,timestamp_order_anomaly,Timestamp sequence anomaly: File has zero/empty timestamp - strong indicator of manipulation,0000-00-00 00:00:00,,,Timeline (MACE Analysis)
imagesH9ZVC4AD.jpg,HIGH,150.0,zero_timestamp,Zero/empty timestamp (Windows epoch 1601) - indicates file timestamp manipulation,0000-00-00 00:00:00,Valid date after 1970,,Timeline
imagesH9ZVC4AD.jpg,HIGH,150.0,timestamp_order_anomaly,Timestamp sequence anomaly: File has zero/empty timestamp - strong indicator of manipulation,0000-00-00 00:00:00,,,Timeline (MACE Analysis)
imagesBUB3BGTH.jpg,HIGH,150.0,zero_timestamp,Zero/empty timestamp (Windows epoch 1601) - indicates file timestamp manipulation,0000-00-00 00:00:00,Valid date after 1970,,Timeline
imagesBUB3BGTH.jpg,HIGH,150.0,timestamp_order_anomaly,Timestamp sequence anomaly: File has zero/empty timestamp - strong indicator of manipulation,0000-00-00 00:00:00,,,Timeline (MACE Analysis)
imagesMPUWLQ9T.jpg,HIGH,150.0,zero_timestamp,Zero/empty timestamp (Windows epoch 1601) - indicates file timestamp manipulation,0000-00-00 00:00:00,Valid date after 1970,,Timeline
imagesMPUWLQ9T.jpg,HIGH,150.0,timestamp_order_anomaly,Timestamp sequence anomaly: File has zero/empty timestamp - strong indicator of manipulation,0000-00-00 00:00:00,,,Timeline (MACE Analysis)
imagesV5M63B76.jpg,HIGH,150.0,zero_timestamp,Zero/empty timestamp (Windows epoch 1601) - indicates file timestamp manipulation,0000-00-00 00:00:00,Valid date after 1970,,Timeline
imagesV5M63B76.jpg,HIGH,150.0,timestamp_order_anomaly,Timestamp sequence anomaly: File has zero/empty timestamp - strong indicator of manipulation,0000-00-00 00:00:00,,,Timeline (MACE Analysis)
GreenBubbles.jpg,HIGH,150.0,zero_timestamp,Zero/empty timestamp (Windows epoch 1601) - indicates file timestamp manipulation,0000-00-00 00:00:00,Valid date after 1970,,Timeline
GreenBubbles.jpg,HIGH,150.0,timestamp_order_anomaly,Timestamp sequence anomaly: File has zero/empty timestamp - strong indicator of manipulation,0000-00-00 00:00:00,,,Timeline (MACE Analysis)
OrangeCircles.jpg,HIGH,150.0,zero_timestamp,Zero/empty timestamp (Windows epoch 1601) - indicates file timestamp manipulation,0000-00-00 00:00:00,Valid date after 1970,,Timeline
OrangeCircles.jpg,HIGH,150.0,timestamp_order_anomaly,Timestamp sequence anomaly: File has zero/empty timestamp - strong indicator of manipulation,0000-00-00 00:00:00,,,Timeline (MACE Analysis)
8A574ED5927B3CEC9626151D220C7448,HIGH,150.0,zero_timestamp,Zero/empty timestamp (Windows epoch 1601) - indicates file timestamp manipulation,0000-00-00 00:00:00,Valid date after 1970,,Timeline
8A574ED5927B3CEC9626151D220C7448,HIGH,150.0,timestamp_order_anomaly,Timestamp sequence anomaly: File has zero/empty timestamp - strong indicator of manipulation,0000-00-00 00:00:00,,,Timeline (MACE Analysis)
UXAP2N0Q.txt,HIGH,150.0,zero_timestamp,Zero/empty timestamp (Windows epoch 1601) - indicates file timestamp manipulation,0000-00-00 00:00:00,Valid date after 1970,,Timeline
UXAP2N0Q.txt,HIGH,150.0,timestamp_order_anomaly,Timestamp sequence anomaly: File has zero/empty timestamp - strong indicator of manipulation,0000-00-00 00:00:00,,,Timeline (MACE Analysis)
M6C5UJT3.txt,HIGH,150.0,zero_timestamp,Zero/empty timestamp (Windows epoch 1601) - indicates file timestamp manipulation,0000-00-00 00:00:00,Valid date after 1970,,Timeline
M6C5UJT3.txt,HIGH,150.0,timestamp_order_anomaly,Timestamp sequence anomaly: File has zero/empty timestamp - strong indicator of manipulation,0000-00-00 00:00:00,,,Timeline (MACE Analysis)
SECURITY.LOG2,HIGH,150.0,zero_timestamp,Zero/empty timestamp (Windows epoch 1601) - indicates file timestamp manipulation,0000-00-00 00:00:00,Valid date after 1970,,Timeline
SECURITY.LOG2,HIGH,150.0,timestamp_order_anomaly,Timestamp sequence anomaly: File has zero/empty timestamp - strong indicator of manipulation,0000-00-00 00:00:00,,,Timeline (MACE Analysis)
Documents and Settings,CRITICAL,100.0,volume_boundary_violation,File created 2142 days BEFORE volume creation - IMPOSSIBLE,2009-07-14 10:38:56,After 2015-05-26,2142.0,Volume Boundary
USERS,CRITICAL,100.0,volume_boundary_violation,File created 2142 days BEFORE volume creation - IMPOSSIBLE,2009-07-14 08:50:10,After 2015-05-26,2142.0,Volume Boundary
Jimmy Wilson,CRITICAL,100.0,volume_boundary_violation,File created 469 days BEFORE volume creation - IMPOSSIBLE,2014-02-10 20:21:21,After 2015-05-26,469.0,Volume Boundary
Adobe,CRITICAL,100.0,volume_boundary_violation,File created 485 days BEFORE volume creation - IMPOSSIBLE,2014-01-25 23:57:47,After 2015-05-26,485.0,Volume Boundary
Acrobat,CRITICAL,100.0,volume_boundary_violation,File created 469 days BEFORE volume creation - IMPOSSIBLE,2014-02-10 20:27:11,After 2015-05-26,469.0,Volume Boundary
11.0,CRITICAL,100.0,volume_boundary_violation,File created 469 days BEFORE volume creation - IMPOSSIBLE,2014-02-10 20:27:11,After 2015-05-26,469.0,Volume Boundary
Cache,CRITICAL,100.0,volume_boundary_violation,File created 468 days BEFORE volume creation - IMPOSSIBLE,2014-02-11 22:44:32,After 2015-05-26,468.0,Volume Boundary
Color,CRITICAL,100.0,volume_boundary_violation,File created 469 days BEFORE volume creation - IMPOSSIBLE,2014-02-10 20:27:11,After 2015-05-26,469.0,Volume Boundary
Profiles,CRITICAL,100.0,volume_boundary_violation,File created 468 days BEFORE volume creation - IMPOSSIBLE,2014-02-11 19:01:22,After 2015-05-26,468.0,Volume Boundary
Application Data,CRITICAL,100.0,volume_boundary_violation,File created 485 days BEFORE volume creation - IMPOSSIBLE,2014-01-25 23:57:39,After 2015-05-26,485.0,Volume Boundary
History,CRITICAL,100.0,volume_boundary_violation,File created 485 days BEFORE volume creation - IMPOSSIBLE,2014-01-25 23:57:38,After 2015-05-26,485.0,Volume Boundary
Credentials,CRITICAL,100.0,volume_boundary_violation,File created 485 days BEFORE volume creation - IMPOSSIBLE,2014-01-25 23:57:39,After 2015-05-26,485.0,Volume Boundary
Device Metadata,CRITICAL,100.0,volume_boundary_violation,File created 468 days BEFORE volume creation - IMPOSSIBLE,2014-02-11 20:12:58,After 2015-05-26,468.0,Volume Boundary
dmrccache,CRITICAL,100.0,volume_boundary_violation,File created 468 days BEFORE volume creation - IMPOSSIBLE,2014-02-11 20:12:58,After 2015-05-26,468.0,Volume Boundary
downloads,CRITICAL,100.0,volume_boundary_violation,File created 485 days BEFORE volume creation - IMPOSSIBLE,2014-01-25 23:57:38,After 2015-05-26,485.0,Volume Boundary
Event Viewer,CRITICAL,100.0,volume_boundary_violation,File created 468 days BEFORE volume creation - IMPOSSIBLE,2014-02-11 19:14:28,After 2015-05-26,468.0,Volume Boundary
Feeds,CRITICAL,100.0,volume_boundary_violation,File created 485 days BEFORE volume creation - IMPOSSIBLE,2014-01-25 23:57:47,After 2015-05-26,485.0,Volume Boundary
Feeds for United States~,CRITICAL,100.0,volume_boundary_violation,File created 485 days BEFORE volume creation - IMPOSSIBLE,2014-01-25 23:57:53,After 2015-05-26,485.0,Volume Boundary
{5588ACFD-6436-411B-A5CE-666AE6A92D3D}~,CRITICAL,100.0,volume_boundary_violation,File created 485 days BEFORE volume creation - IMPOSSIBLE,2014-01-25 23:57:48,After 2015-05-26,485.0,Volume Boundary
WebSlices~,CRITICAL,100.0,volume_boundary_violation,File created 485 days BEFORE volume creation - IMPOSSIBLE,2014-01-25 23:57:48,After 2015-05-26,485.0,Volume Boundary
Feeds Cache,CRITICAL,100.0,volume_boundary_violation,File created 485 days BEFORE volume creation - IMPOSSIBLE,2014-01-25 23:57:48,After 2015-05-26,485.0,Volume Boundary
7DV2Z68V,CRITICAL,100.0,volume_boundary_violation,File created 485 days BEFORE volume creation - IMPOSSIBLE,2014-01-25 23:57:48,After 2015-05-26,485.0,Volume Boundary
OKSC3JX7,CRITICAL,100.0,volume_boundary_violation,File created 485 days BEFORE volume creation - IMPOSSIBLE,2014-01-25 23:57:48,After 2015-05-26,485.0,Volume Boundary
R1LVJ30Z,CRITICAL,100.0,volume_boundary_violation,File created 485 days BEFORE volume creation - IMPOSSIBLE,2014-01-25 23:57:48,After 2015-05-26,485.0,Volume Boundary
S8VER0I7,CRITICAL,100.0,volume_boundary_violation,File created 485 days BEFORE volume creation - IMPOSSIBLE,2014-01-25 23:57:48,After 2015-05-26,485.0,Volume Boundary
Internet Explorer,CRITICAL,100.0,volume_boundary_violation,File created 485 days BEFORE volume creation - IMPOSSIBLE,2014-01-25 23:57:38,After 2015-05-26,485.0,Volume Boundary
DomainSuggestions,CRITICAL,100.0,volume_boundary_violation,File created 469 days BEFORE volume creation - IMPOSSIBLE,2014-02-10 20:22:27,After 2015-05-26,469.0,Volume Boundary
IECompatData,CRITICAL,100.0,volume_boundary_violation,File created 485 days BEFORE volume creation - IMPOSSIBLE,2014-01-25 23:57:47,After 2015-05-26,485.0,Volume Boundary
imagestore,CRITICAL,100.0,volume_boundary_violation,File created 469 days BEFORE volume creation - IMPOSSIBLE,2014-02-10 20:21:32,After 2015-05-26,469.0,Volume Boundary
y3hpiab,CRITICAL,100.0,volume_boundary_violation,File created 469 days BEFORE volume creation - IMPOSSIBLE,2014-02-10 20:21:32,After 2015-05-26,469.0,Volume Boundary
Recovery,CRITICAL,100.0,volume_boundary_violation,File created 469 days BEFORE volume creation - IMPOSSIBLE,2014-02-10 20:21:18,After 2015-05-26,469.0,Volume Boundary
Active,CRITICAL,100.0,volume_boundary_violation,File created 469 days BEFORE volume creation - IMPOSSIBLE,2014-02-10 20:21:18,After 2015-05-26,469.0,Volume Boundary
Last Active,CRITICAL,100.0,volume_boundary_violation,File created 469 days BEFORE volume creation - IMPOSSIBLE,2014-02-10 20:22:37,After 2015-05-26,469.0,Volume Boundary
TabRoaming,CRITICAL,100.0,volume_boundary_violation,File created 485 days BEFORE volume creation - IMPOSSIBLE,2014-01-25 23:57:47,After 2015-05-26,485.0,Volume Boundary
Tiles,CRITICAL,100.0,volume_boundary_violation,File created 485 days BEFORE volume creation - IMPOSSIBLE,2014-01-25 23:57:48,After 2015-05-26,485.0,Volume Boundary
pin-2845162440,CRITICAL,100.0,volume_boundary_violation,File created 469 days BEFORE volume creation - IMPOSSIBLE,2014-02-10 20:21:59,After 2015-05-26,469.0,Volume Boundary
pin-9513911450,CRITICAL,100.0,volume_boundary_violation,File created 469 days BEFORE volume creation - IMPOSSIBLE,2014-02-10 20:40:46,After 2015-05-26,469.0,Volume Boundary
pin16028574790,CRITICAL,100.0,volume_boundary_violation,File created 469 days BEFORE volume creation - IMPOSSIBLE,2014-02-10 20:53:58,After 2015-05-26,469.0,Volume Boundary
pin682489660,CRITICAL,100.0,volume_boundary_violation,File created 469 days BEFORE volume creation - IMPOSSIBLE,2014-02-10 20:25:11,After 2015-05-26,469.0,Volume Boundary
pin9728060290,CRITICAL,100.0,volume_boundary_violation,File created 485 days BEFORE volume creation - IMPOSSIBLE,2014-01-25 23:57:48,After 2015-05-26,485.0,Volume Boundary
Tracking Protection,CRITICAL,100.0,volume_boundary_violation,File created 485 days BEFORE volume creation - IMPOSSIBLE,2014-01-25 23:57:47,After 2015-05-26,485.0,Volume Boundary
Sync Playlists,CRITICAL,100.0,volume_boundary_violation,File created 485 days BEFORE volume creation - IMPOSSIBLE,2014-01-25 23:57:44,After 2015-05-26,485.0,Volume Boundary
en-US,CRITICAL,100.0,volume_boundary_violation,File created 2142 days BEFORE volume creation - IMPOSSIBLE,2009-07-14 11:07:46,After 2015-05-26,2142.0,Volume Boundary
0007DA28,CRITICAL,100.0,volume_boundary_violation,File created 485 days BEFORE volume creation - IMPOSSIBLE,2014-01-25 23:57:44,After 2015-05-26,485.0,Volume Boundary
Messenger,CRITICAL,100.0,volume_boundary_violation,File created 463 days BEFORE volume creation - IMPOSSIBLE,2014-02-17 00:41:05,After 2015-05-26,463.0,Volume Boundary
PlayReady,CRITICAL,100.0,volume_boundary_violation,File created 485 days BEFORE volume creation - IMPOSSIBLE,2014-01-25 23:57:47,After 2015-05-26,485.0,Volume Boundary
TaskSchedulerConfig,CRITICAL,100.0,volume_boundary_violation,File created 468 days BEFORE volume creation - IMPOSSIBLE,2014-02-11 22:58:17,After 2015-05-26,468.0,Volume Boundary
Windows,CRITICAL,100.0,volume_boundary_violation,File created 1505 days BEFORE volume creation - IMPOSSIBLE,2011-04-12 13:47:51,After 2015-05-26,1505.0,Volume Boundary
1033,CRITICAL,100.0,volume_boundary_violation,File created 2142 days BEFORE volume creation - IMPOSSIBLE,2009-07-14 08:50:10,After 2015-05-26,2142.0,Volume Boundary
Burn,CRITICAL,100.0,volume_boundary_violation,File created 485 days BEFORE volume creation - IMPOSSIBLE,2014-01-25 23:57:52,After 2015-05-26,485.0,Volume Boundary
Caches,CRITICAL,100.0,volume_boundary_violation,File created 485 days BEFORE volume creation - IMPOSSIBLE,2014-01-25 23:57:40,After 2015-05-26,485.0,Volume Boundary
Explorer,CRITICAL,100.0,volume_boundary_violation,File created 485 days BEFORE volume creation - IMPOSSIBLE,2014-01-25 23:57:40,After 2015-05-26,485.0,Volume Boundary
GameExplorer,CRITICAL,100.0,volume_boundary_violation,File created 485 days BEFORE volume creation - IMPOSSIBLE,2014-01-25 23:57:38,After 2015-05-26,485.0,Volume Boundary
GameStatistics,CRITICAL,100.0,volume_boundary_violation,File created 468 days BEFORE volume creation - IMPOSSIBLE,2014-02-11 19:23:29,After 2015-05-26,468.0,Volume Boundary
{89FE5CB3-11CB-489C-AC0D-0C0B6707E1F6},CRITICAL,100.0,volume_boundary_violation,File created 468 days BEFORE volume creation - IMPOSSIBLE,2014-02-11 19:23:29,After 2015-05-26,468.0,Volume Boundary
History.IE5,CRITICAL,100.0,volume_boundary_violation,File created 469 days BEFORE volume creation - IMPOSSIBLE,2014-02-10 20:21:21,After 2015-05-26,469.0,Volume Boundary
MSHist012014021020140217,CRITICAL,100.0,volume_boundary_violation,File created 460 days BEFORE volume creation - IMPOSSIBLE,2014-02-19 19:07:01,After 2015-05-26,460.0,Volume Boundary
MSHist012014021920140220,CRITICAL,100.0,volume_boundary_violation,File created 460 days BEFORE volume creation - IMPOSSIBLE,2014-02-19 19:07:01,After 2015-05-26,460.0,Volume Boundary
Low,CRITICAL,100.0,volume_boundary_violation,File created 485 days BEFORE volume creation - IMPOSSIBLE,2014-01-25 23:57:47,After 2015-05-26,485.0,Volume Boundary
Ringtones,CRITICAL,100.0,volume_boundary_violation,File created 485 days BEFORE volume creation - IMPOSSIBLE,2014-01-25 23:57:46,After 2015-05-26,485.0,Volume Boundary
Temporary Internet Files,CRITICAL,100.0,volume_boundary_violation,File created 485 days BEFORE volume creation - IMPOSSIBLE,2014-01-25 23:57:39,After 2015-05-26,485.0,Volume Boundary
Content.IE5,CRITICAL,100.0,volume_boundary_violation,File created 469 days BEFORE volume creation - IMPOSSIBLE,2014-02-10 20:21:21,After 2015-05-26,469.0,Volume Boundary
APVJDFZY,CRITICAL,100.0,volume_boundary_violation,File created 469 days BEFORE volume creation - IMPOSSIBLE,2014-02-10 20:21:46,After 2015-05-26,469.0,Volume Boundary
BKPRRZV1,CRITICAL,100.0,volume_boundary_violation,File created 469 days BEFORE volume creation - IMPOSSIBLE,2014-02-10 20:21:46,After 2015-05-26,469.0,Volume Boundary
EEOW472X,CRITICAL,100.0,volume_boundary_violation,File created 469 days BEFORE volume creation - IMPOSSIBLE,2014-02-10 20:21:46,After 2015-05-26,469.0,Volume Boundary
ESMU25ZO,CRITICAL,100.0,volume_boundary_violation,File created 469 days BEFORE volume creation - IMPOSSIBLE,2014-02-10 20:21:46,After 2015-05-26,469.0,Volume Boundary
AntiPhishing,CRITICAL,100.0,volume_boundary_violation,File created 469 days BEFORE volume creation - IMPOSSIBLE,2014-02-10 20:22:04,After 2015-05-26,469.0,Volume Boundary
0YNVG0PM,CRITICAL,100.0,volume_boundary_violation,File created 469 days BEFORE volume creation - IMPOSSIBLE,2014-02-10 20:21:30,After 2015-05-26,469.0,Volume Boundary
CBU4KX3T,CRITICAL,100.0,volume_boundary_violation,File created 469 days BEFORE volume creation - IMPOSSIBLE,2014-02-10 20:21:30,After 2015-05-26,469.0,Volume Boundary
S9GG14FF,CRITICAL,100.0,volume_boundary_violation,File created 469 days BEFORE volume creation - IMPOSSIBLE,2014-02-10 20:21:30,After 2015-05-26,469.0,Volume Boundary
WMB1SJEE,CRITICAL,100.0,volume_boundary_violation,File created 469 days BEFORE volume creation - IMPOSSIBLE,2014-02-10 20:21:30,After 2015-05-26,469.0,Volume Boundary
Virtualized,CRITICAL,100.0,volume_boundary_violation,File created 485 days BEFORE volume creation - IMPOSSIBLE,2014-01-25 23:57:47,After 2015-05-26,485.0,Volume Boundary
C,CRITICAL,100.0,volume_boundary_violation,File created 468 days BEFORE volume creation - IMPOSSIBLE,2014-02-11 19:01:31,After 2015-05-26,468.0,Volume Boundary
Roaming,CRITICAL,100.0,volume_boundary_violation,File created 485 days BEFORE volume creation - IMPOSSIBLE,2014-01-25 23:57:38,After 2015-05-26,485.0,Volume Boundary
WebCache,CRITICAL,100.0,volume_boundary_violation,File created 485 days BEFORE volume creation - IMPOSSIBLE,2014-01-25 23:57:40,After 2015-05-26,485.0,Volume Boundary
WER,CRITICAL,100.0,volume_boundary_violation,File created 469 days BEFORE volume creation - IMPOSSIBLE,2014-02-10 20:23:01,After 2015-05-26,469.0,Volume Boundary
ERC,CRITICAL,100.0,volume_boundary_violation,File created 469 days BEFORE volume creation - IMPOSSIBLE,2014-02-10 20:23:01,After 2015-05-26,469.0,Volume Boundary
ReportArchive,CRITICAL,100.0,volume_boundary_violation,File created 469 days BEFORE volume creation - IMPOSSIBLE,2014-02-10 20:23:01,After 2015-05-26,469.0,Volume Boundary
Windows Live,CRITICAL,100.0,volume_boundary_violation,File created 463 days BEFORE volume creation - IMPOSSIBLE,2014-02-17 00:40:39,After 2015-05-26,463.0,Volume Boundary
Bici,CRITICAL,100.0,volume_boundary_violation,File created 463 days BEFORE volume creation - IMPOSSIBLE,2014-02-17 00:40:39,After 2015-05-26,463.0,Volume Boundary
Contacts,CRITICAL,100.0,volume_boundary_violation,File created 485 days BEFORE volume creation - IMPOSSIBLE,2014-01-25 23:57:42,After 2015-05-26,485.0,Volume Boundary
15.4,CRITICAL,100.0,volume_boundary_violation,File created 463 days BEFORE volume creation - IMPOSSIBLE,2014-02-17 00:41:02,After 2015-05-26,463.0,Volume Boundary
DBStore,CRITICAL,100.0,volume_boundary_violation,File created 463 days BEFORE volume creation - IMPOSSIBLE,2014-02-17 00:40:51,After 2015-05-26,463.0,Volume Boundary
LogFiles,CRITICAL,100.0,volume_boundary_violation,File created 2142 days BEFORE volume creation - IMPOSSIBLE,2009-07-14 08:50:11,After 2015-05-26,2142.0,Volume Boundary
15.5,CRITICAL,100.0,volume_boundary_violation,File created 463 days BEFORE volume creation - IMPOSSIBLE,2014-02-17 00:41:05,After 2015-05-26,463.0,Volume Boundary
Backup,CRITICAL,100.0,volume_boundary_violation,File created 468 days BEFORE volume creation - IMPOSSIBLE,2014-02-11 22:44:32,After 2015-05-26,468.0,Volume Boundary
new,CRITICAL,100.0,volume_boundary_violation,File created 463 days BEFORE volume creation - IMPOSSIBLE,2014-02-17 00:45:52,After 2015-05-26,463.0,Volume Boundary
W4CR1,CRITICAL,100.0,volume_boundary_violation,File created 463 days BEFORE volume creation - IMPOSSIBLE,2014-02-17 00:41:00,After 2015-05-26,463.0,Volume Boundary
Installer,CRITICAL,100.0,volume_boundary_violation,File created 463 days BEFORE volume creation - IMPOSSIBLE,2014-02-17 00:41:31,After 2015-05-26,463.0,Volume Boundary
Catalog,CRITICAL,100.0,volume_boundary_violation,File created 463 days BEFORE volume creation - IMPOSSIBLE,2014-02-17 00:41:31,After 2015-05-26,463.0,Volume Boundary
SqmApi,CRITICAL,100.0,volume_boundary_violation,File created 463 days BEFORE volume creation - IMPOSSIBLE,2014-02-17 00:40:49,After 2015-05-26,463.0,Volume Boundary
Windows Live Mail,CRITICAL,100.0,volume_boundary_violation,File created 463 days BEFORE volume creation - IMPOSSIBLE,2014-02-17 00:40:37,After 2015-05-26,463.0,Volume Boundary
Calendars,CRITICAL,100.0,volume_boundary_violation,File created 463 days BEFORE volume creation - IMPOSSIBLE,2014-02-17 00:40:51,After 2015-05-26,463.0,Volume Boundary
Gmail (wils 48a,CRITICAL,100.0,volume_boundary_violation,File created 463 days BEFORE volume creation - IMPOSSIBLE,2014-02-17 01:00:00,After 2015-05-26,463.0,Volume Boundary
Inbox,CRITICAL,100.0,volume_boundary_violation,File created 463 days BEFORE volume creation - IMPOSSIBLE,2014-02-17 01:00:48,After 2015-05-26,463.0,Volume Boundary
[Gmail],CRITICAL,100.0,volume_boundary_violation,File created 463 days BEFORE volume creation - IMPOSSIBLE,2014-02-17 02:16:11,After 2015-05-26,463.0,Volume Boundary
All Mail,CRITICAL,100.0,volume_boundary_violation,File created 463 days BEFORE volume creation - IMPOSSIBLE,2014-02-17 02:22:04,After 2015-05-26,463.0,Volume Boundary
Important,CRITICAL,100.0,volume_boundary_violation,File created 463 days BEFORE volume creation - IMPOSSIBLE,2014-02-17 02:22:06,After 2015-05-26,463.0,Volume Boundary
Sent Mail,CRITICAL,100.0,volume_boundary_violation,File created 463 days BEFORE volume creation - IMPOSSIBLE,2014-02-17 02:16:11,After 2015-05-26,463.0,Volume Boundary
Trash,CRITICAL,100.0,volume_boundary_violation,File created 463 days BEFORE volume creation - IMPOSSIBLE,2014-02-17 02:22:09,After 2015-05-26,463.0,Volume Boundary
Outbox,CRITICAL,100.0,volume_boundary_violation,File created 463 days BEFORE volume creation - IMPOSSIBLE,2014-02-17 00:41:04,After 2015-05-26,463.0,Volume Boundary
Proof,CRITICAL,100.0,volume_boundary_violation,File created 463 days BEFORE volume creation - IMPOSSIBLE,2014-02-17 01:01:06,After 2015-05-26,463.0,Volume Boundary
Sentinel,CRITICAL,100.0,volume_boundary_violation,File created 463 days BEFORE volume creation - IMPOSSIBLE,2014-02-17 00:41:09,After 2015-05-26,463.0,Volume Boundary
Storage Folders,CRITICAL,100.0,volume_boundary_violation,File created 463 days BEFORE volume creation - IMPOSSIBLE,2014-02-17 00:41:04,After 2015-05-26,463.0,Volume Boundary
Deleted Items,CRITICAL,100.0,volume_boundary_violation,File created 463 days BEFORE volume creation - IMPOSSIBLE,2014-02-17 00:41:04,After 2015-05-26,463.0,Volume Boundary
Drafts,CRITICAL,100.0,volume_boundary_violation,File created 463 days BEFORE volume creation - IMPOSSIBLE,2014-02-17 00:41:04,After 2015-05-26,463.0,Volume Boundary
Sent Items,CRITICAL,100.0,volume_boundary_violation,File created 463 days BEFORE volume creation - IMPOSSIBLE,2014-02-17 00:41:04,After 2015-05-26,463.0,Volume Boundary
Your Feeds,CRITICAL,100.0,volume_boundary_violation,File created 463 days BEFORE volume creation - IMPOSSIBLE,2014-02-17 00:41:04,After 2015-05-26,463.0,Volume Boundary
Feeds for U  29,CRITICAL,100.0,volume_boundary_violation,File created 463 days BEFORE volume creation - IMPOSSIBLE,2014-02-17 00:41:16,After 2015-05-26,463.0,Volume Boundary
Popular Gov 823,CRITICAL,100.0,volume_boundary_violation,File created 463 days BEFORE volume creation - IMPOSSIBLE,2014-02-17 00:41:16,After 2015-05-26,463.0,Volume Boundary
USA.gov Upd 8be,CRITICAL,100.0,volume_boundary_violation,File created 463 days BEFORE volume creation - IMPOSSIBLE,2014-02-17 00:41:16,After 2015-05-26,463.0,Volume Boundary
Windows Mail,CRITICAL,100.0,volume_boundary_violation,File created 485 days BEFORE volume creation - IMPOSSIBLE,2014-01-25 23:57:42,After 2015-05-26,485.0,Volume Boundary
Stationery,CRITICAL,100.0,volume_boundary_violation,File created 485 days BEFORE volume creation - IMPOSSIBLE,2014-01-25 23:57:44,After 2015-05-26,485.0,Volume Boundary
Windows Media,CRITICAL,100.0,volume_boundary_violation,File created 485 days BEFORE volume creation - IMPOSSIBLE,2014-01-25 23:57:44,After 2015-05-26,485.0,Volume Boundary
12.0,CRITICAL,100.0,volume_boundary_violation,File created 485 days BEFORE volume creation - IMPOSSIBLE,2014-01-25 23:57:44,After 2015-05-26,485.0,Volume Boundary
Windows Sidebar,CRITICAL,100.0,volume_boundary_violation,File created 485 days BEFORE volume creation - IMPOSSIBLE,2014-01-25 23:57:53,After 2015-05-26,485.0,Volume Boundary
Gadgets,CRITICAL,100.0,volume_boundary_violation,File created 485 days BEFORE volume creation - IMPOSSIBLE,2014-01-25 23:57:53,After 2015-05-26,485.0,Volume Boundary
WLSetup,CRITICAL,100.0,volume_boundary_violation,File created 463 days BEFORE volume creation - IMPOSSIBLE,2014-02-17 00:40:37,After 2015-05-26,463.0,Volume Boundary
CabLogs,CRITICAL,100.0,volume_boundary_violation,File created 463 days BEFORE volume creation - IMPOSSIBLE,2014-02-17 00:41:36,After 2015-05-26,463.0,Volume Boundary
Logs,CRITICAL,100.0,volume_boundary_violation,File created 2142 days BEFORE volume creation - IMPOSSIBLE,2009-07-14 08:50:10,After 2015-05-26,2142.0,Volume Boundary
Microsoft Games,CRITICAL,100.0,volume_boundary_violation,File created 468 days BEFORE volume creation - IMPOSSIBLE,2014-02-11 19:23:32,After 2015-05-26,468.0,Volume Boundary
Minesweeper,CRITICAL,100.0,volume_boundary_violation,File created 468 days BEFORE volume creation - IMPOSSIBLE,2014-02-11 19:23:41,After 2015-05-26,468.0,Volume Boundary
Purble Place,CRITICAL,100.0,volume_boundary_violation,File created 468 days BEFORE volume creation - IMPOSSIBLE,2014-02-11 19:24:01,After 2015-05-26,468.0,Volume Boundary
Spider Solitaire,CRITICAL,100.0,volume_boundary_violation,File created 468 days BEFORE volume creation - IMPOSSIBLE,2014-02-11 19:25:26,After 2015-05-26,468.0,Volume Boundary
Mozilla,CRITICAL,100.0,volume_boundary_violation,File created 468 days BEFORE volume creation - IMPOSSIBLE,2014-02-11 19:01:22,After 2015-05-26,468.0,Volume Boundary
Firefox,CRITICAL,100.0,volume_boundary_violation,File created 468 days BEFORE volume creation - IMPOSSIBLE,2014-02-11 19:01:22,After 2015-05-26,468.0,Volume Boundary
8pp14cbi.default,CRITICAL,100.0,volume_boundary_violation,File created 468 days BEFORE volume creation - IMPOSSIBLE,2014-02-11 19:01:22,After 2015-05-26,468.0,Volume Boundary
0,CRITICAL,100.0,volume_boundary_violation,File created 468 days BEFORE volume creation - IMPOSSIBLE,2014-02-11 19:01:31,After 2015-05-26,468.0,Volume Boundary
8B,CRITICAL,100.0,volume_boundary_violation,File created 468 days BEFORE volume creation - IMPOSSIBLE,2014-02-11 19:05:39,After 2015-05-26,468.0,Volume Boundary
A3,CRITICAL,100.0,volume_boundary_violation,File created 468 days BEFORE volume creation - IMPOSSIBLE,2014-02-11 19:10:12,After 2015-05-26,468.0,Volume Boundary
FD,CRITICAL,100.0,volume_boundary_violation,File created 468 days BEFORE volume creation - IMPOSSIBLE,2014-02-11 19:01:35,After 2015-05-26,468.0,Volume Boundary
1,CRITICAL,100.0,volume_boundary_violation,File created 468 days BEFORE volume creation - IMPOSSIBLE,2014-02-11 19:01:31,After 2015-05-26,468.0,Volume Boundary
B2,CRITICAL,100.0,volume_boundary_violation,File created 468 days BEFORE volume creation - IMPOSSIBLE,2014-02-11 19:10:12,After 2015-05-26,468.0,Volume Boundary
2,CRITICAL,100.0,volume_boundary_violation,File created 468 days BEFORE volume creation - IMPOSSIBLE,2014-02-11 19:01:31,After 2015-05-26,468.0,Volume Boundary
A4,CRITICAL,100.0,volume_boundary_violation,File created 468 days BEFORE volume creation - IMPOSSIBLE,2014-02-11 19:10:15,After 2015-05-26,468.0,Volume Boundary
A9,CRITICAL,100.0,volume_boundary_violation,File created 468 days BEFORE volume creation - IMPOSSIBLE,2014-02-11 19:01:54,After 2015-05-26,468.0,Volume Boundary
F5,CRITICAL,100.0,volume_boundary_violation,File created 468 days BEFORE volume creation - IMPOSSIBLE,2014-02-11 19:03:15,After 2015-05-26,468.0,Volume Boundary
3,CRITICAL,100.0,volume_boundary_violation,File created 468 days BEFORE volume creation - IMPOSSIBLE,2014-02-11 19:01:31,After 2015-05-26,468.0,Volume Boundary
31,CRITICAL,100.0,volume_boundary_violation,File created 468 days BEFORE volume creation - IMPOSSIBLE,2014-02-11 19:01:35,After 2015-05-26,468.0,Volume Boundary
5B,CRITICAL,100.0,volume_boundary_violation,File created 468 days BEFORE volume creation - IMPOSSIBLE,2014-02-11 19:05:22,After 2015-05-26,468.0,Volume Boundary
A7,CRITICAL,100.0,volume_boundary_violation,File created 468 days BEFORE volume creation - IMPOSSIBLE,2014-02-11 19:01:35,After 2015-05-26,468.0,Volume Boundary
A8,CRITICAL,100.0,volume_boundary_violation,File created 468 days BEFORE volume creation - IMPOSSIBLE,2014-02-11 19:01:54,After 2015-05-26,468.0,Volume Boundary
4,CRITICAL,100.0,volume_boundary_violation,File created 468 days BEFORE volume creation - IMPOSSIBLE,2014-02-11 22:44:31,After 2015-05-26,468.0,Volume Boundary
1F,CRITICAL,100.0,volume_boundary_violation,File created 468 days BEFORE volume creation - IMPOSSIBLE,2014-02-11 19:01:34,After 2015-05-26,468.0,Volume Boundary
29,CRITICAL,100.0,volume_boundary_violation,File created 468 days BEFORE volume creation - IMPOSSIBLE,2014-02-11 19:10:15,After 2015-05-26,468.0,Volume Boundary
74,CRITICAL,100.0,volume_boundary_violation,File created 468 days BEFORE volume creation - IMPOSSIBLE,2014-02-11 19:01:53,After 2015-05-26,468.0,Volume Boundary
5,CRITICAL,100.0,volume_boundary_violation,File created 468 days BEFORE volume creation - IMPOSSIBLE,2014-02-11 19:01:31,After 2015-05-26,468.0,Volume Boundary
19,CRITICAL,100.0,volume_boundary_violation,File created 468 days BEFORE volume creation - IMPOSSIBLE,2014-02-11 19:03:08,After 2015-05-26,468.0,Volume Boundary
39,CRITICAL,100.0,volume_boundary_violation,File created 468 days BEFORE volume creation - IMPOSSIBLE,2014-02-11 19:10:14,After 2015-05-26,468.0,Volume Boundary
90,CRITICAL,100.0,volume_boundary_violation,File created 468 days BEFORE volume creation - IMPOSSIBLE,2014-02-11 19:10:16,After 2015-05-26,468.0,Volume Boundary
6,CRITICAL,100.0,volume_boundary_violation,File created 468 days BEFORE volume creation - IMPOSSIBLE,2014-02-11 19:01:31,After 2015-05-26,468.0,Volume Boundary
F6,CRITICAL,100.0,volume_boundary_violation,File created 468 days BEFORE volume creation - IMPOSSIBLE,2014-02-11 19:07:27,After 2015-05-26,468.0,Volume Boundary
7,CRITICAL,100.0,volume_boundary_violation,File created 468 days BEFORE volume creation - IMPOSSIBLE,2014-02-11 19:01:31,After 2015-05-26,468.0,Volume Boundary
34,CRITICAL,100.0,volume_boundary_violation,File created 468 days BEFORE volume creation - IMPOSSIBLE,2014-02-11 19:10:12,After 2015-05-26,468.0,Volume Boundary
76,CRITICAL,100.0,volume_boundary_violation,File created 468 days BEFORE volume creation - IMPOSSIBLE,2014-02-11 19:01:34,After 2015-05-26,468.0,Volume Boundary
A2,CRITICAL,100.0,volume_boundary_violation,File created 468 days BEFORE volume creation - IMPOSSIBLE,2014-02-11 19:06:53,After 2015-05-26,468.0,Volume Boundary
BC,CRITICAL,100.0,volume_boundary_violation,File created 468 days BEFORE volume creation - IMPOSSIBLE,2014-02-11 19:01:34,After 2015-05-26,468.0,Volume Boundary
C9,CRITICAL,100.0,volume_boundary_violation,File created 468 days BEFORE volume creation - IMPOSSIBLE,2014-02-11 19:03:15,After 2015-05-26,468.0,Volume Boundary
DC,CRITICAL,100.0,volume_boundary_violation,File created 468 days BEFORE volume creation - IMPOSSIBLE,2014-02-11 19:01:34,After 2015-05-26,468.0,Volume Boundary
8,CRITICAL,100.0,volume_boundary_violation,File created 468 days BEFORE volume creation - IMPOSSIBLE,2014-02-11 19:01:31,After 2015-05-26,468.0,Volume Boundary
10,CRITICAL,100.0,volume_boundary_violation,File created 468 days BEFORE volume creation - IMPOSSIBLE,2014-02-11 19:01:55,After 2015-05-26,468.0,Volume Boundary
C3,CRITICAL,100.0,volume_boundary_violation,File created 468 days BEFORE volume creation - IMPOSSIBLE,2014-02-11 19:10:16,After 2015-05-26,468.0,Volume Boundary
EA,CRITICAL,100.0,volume_boundary_violation,File created 468 days BEFORE volume creation - IMPOSSIBLE,2014-02-11 19:01:34,After 2015-05-26,468.0,Volume Boundary
9,CRITICAL,100.0,volume_boundary_violation,File created 468 days BEFORE volume creation - IMPOSSIBLE,2014-02-11 19:01:31,After 2015-05-26,468.0,Volume Boundary
0F,CRITICAL,100.0,volume_boundary_violation,File created 468 days BEFORE volume creation - IMPOSSIBLE,2014-02-11 19:05:40,After 2015-05-26,468.0,Volume Boundary
49,CRITICAL,100.0,volume_boundary_violation,File created 468 days BEFORE volume creation - IMPOSSIBLE,2014-02-11 19:03:08,After 2015-05-26,468.0,Volume Boundary
B9,CRITICAL,100.0,volume_boundary_violation,File created 468 days BEFORE volume creation - IMPOSSIBLE,2014-02-11 19:10:12,After 2015-05-26,468.0,Volume Boundary
F1,CRITICAL,100.0,volume_boundary_violation,File created 468 days BEFORE volume creation - IMPOSSIBLE,2014-02-11 19:05:37,After 2015-05-26,468.0,Volume Boundary
A,CRITICAL,100.0,volume_boundary_violation,File created 468 days BEFORE volume creation - IMPOSSIBLE,2014-02-11 19:01:31,After 2015-05-26,468.0,Volume Boundary
21,CRITICAL,100.0,volume_boundary_violation,File created 468 days BEFORE volume creation - IMPOSSIBLE,2014-02-11 19:01:33,After 2015-05-26,468.0,Volume Boundary
80,CRITICAL,100.0,volume_boundary_violation,File created 468 days BEFORE volume creation - IMPOSSIBLE,2014-02-11 19:10:14,After 2015-05-26,468.0,Volume Boundary
B,CRITICAL,100.0,volume_boundary_violation,File created 468 days BEFORE volume creation - IMPOSSIBLE,2014-02-11 19:01:31,After 2015-05-26,468.0,Volume Boundary
04,CRITICAL,100.0,volume_boundary_violation,File created 468 days BEFORE volume creation - IMPOSSIBLE,2014-02-11 19:10:13,After 2015-05-26,468.0,Volume Boundary
3A,CRITICAL,100.0,volume_boundary_violation,File created 468 days BEFORE volume creation - IMPOSSIBLE,2014-02-11 19:01:54,After 2015-05-26,468.0,Volume Boundary
3E,CRITICAL,100.0,volume_boundary_violation,File created 468 days BEFORE volume creation - IMPOSSIBLE,2014-02-11 19:10:16,After 2015-05-26,468.0,Volume Boundary
81,CRITICAL,100.0,volume_boundary_violation,File created 468 days BEFORE volume creation - IMPOSSIBLE,2014-02-11 19:10:16,After 2015-05-26,468.0,Volume Boundary
26,CRITICAL,100.0,volume_boundary_violation,File created 468 days BEFORE volume creation - IMPOSSIBLE,2014-02-11 19:10:13,After 2015-05-26,468.0,Volume Boundary
71,CRITICAL,100.0,volume_boundary_violation,File created 468 days BEFORE volume creation - IMPOSSIBLE,2014-02-11 19:03:16,After 2015-05-26,468.0,Volume Boundary
CF,CRITICAL,100.0,volume_boundary_violation,File created 468 days BEFORE volume creation - IMPOSSIBLE,2014-02-11 19:10:13,After 2015-05-26,468.0,Volume Boundary
EE,CRITICAL,100.0,volume_boundary_violation,File created 468 days BEFORE volume creation - IMPOSSIBLE,2014-02-11 19:01:54,After 2015-05-26,468.0,Volume Boundary
EF,CRITICAL,100.0,volume_boundary_violation,File created 468 days BEFORE volume creation - IMPOSSIBLE,2014-02-11 19:06:13,After 2015-05-26,468.0,Volume Boundary
F3,CRITICAL,100.0,volume_boundary_violation,File created 468 days BEFORE volume creation - IMPOSSIBLE,2014-02-11 19:01:54,After 2015-05-26,468.0,Volume Boundary
F8,CRITICAL,100.0,volume_boundary_violation,File created 468 days BEFORE volume creation - IMPOSSIBLE,2014-02-11 19:10:16,After 2015-05-26,468.0,Volume Boundary
D,CRITICAL,100.0,volume_boundary_violation,File created 468 days BEFORE volume creation - IMPOSSIBLE,2014-02-11 19:01:31,After 2015-05-26,468.0,Volume Boundary
00,CRITICAL,100.0,volume_boundary_violation,File created 468 days BEFORE volume creation - IMPOSSIBLE,2014-02-11 19:10:12,After 2015-05-26,468.0,Volume Boundary
ED,CRITICAL,100.0,volume_boundary_violation,File created 468 days BEFORE volume creation - IMPOSSIBLE,2014-02-11 19:05:38,After 2015-05-26,468.0,Volume Boundary
E,CRITICAL,100.0,volume_boundary_violation,File created 468 days BEFORE volume creation - IMPOSSIBLE,2014-02-11 19:01:31,After 2015-05-26,468.0,Volume Boundary
23,CRITICAL,100.0,volume_boundary_violation,File created 468 days BEFORE volume creation - IMPOSSIBLE,2014-02-11 19:10:11,After 2015-05-26,468.0,Volume Boundary
F,CRITICAL,100.0,volume_boundary_violation,File created 468 days BEFORE volume creation - IMPOSSIBLE,2014-02-11 19:01:31,After 2015-05-26,468.0,Volume Boundary
77,CRITICAL,100.0,volume_boundary_violation,File created 468 days BEFORE volume creation - IMPOSSIBLE,2014-02-11 19:01:34,After 2015-05-26,468.0,Volume Boundary
jumpListCache,CRITICAL,100.0,volume_boundary_violation,File created 468 days BEFORE volume creation - IMPOSSIBLE,2014-02-11 19:03:31,After 2015-05-26,468.0,Volume Boundary
safebrowsing,CRITICAL,100.0,volume_boundary_violation,File created 468 days BEFORE volume creation - IMPOSSIBLE,2014-02-11 19:03:26,After 2015-05-26,468.0,Volume Boundary
startupCache,CRITICAL,100.0,volume_boundary_violation,File created 468 days BEFORE volume creation - IMPOSSIBLE,2014-02-11 19:01:22,After 2015-05-26,468.0,Volume Boundary
thumbnails,CRITICAL,100.0,volume_boundary_violation,File created 468 days BEFORE volume creation - IMPOSSIBLE,2014-02-11 19:01:29,After 2015-05-26,468.0,Volume Boundary
updates,CRITICAL,100.0,volume_boundary_violation,File created 468 days BEFORE volume creation - IMPOSSIBLE,2014-02-11 19:01:27,After 2015-05-26,468.0,Volume Boundary
E7CF176E110C211B,CRITICAL,100.0,volume_boundary_violation,File created 468 days BEFORE volume creation - IMPOSSIBLE,2014-02-11 19:01:27,After 2015-05-26,468.0,Volume Boundary
Temp,CRITICAL,100.0,volume_boundary_violation,File created 2142 days BEFORE volume creation - IMPOSSIBLE,2009-07-14 10:25:00,After 2015-05-26,2142.0,Volume Boundary
02161410-00000e98-yqhm2jz1kn,CRITICAL,100.0,volume_boundary_violation,File created 463 days BEFORE volume creation - IMPOSSIBLE,2014-02-17 00:40:51,After 2015-05-26,463.0,Volume Boundary
02161411-00000e68-fu6bdvo473,CRITICAL,100.0,volume_boundary_violation,File created 463 days BEFORE volume creation - IMPOSSIBLE,2014-02-17 00:41:36,After 2015-05-26,463.0,Volume Boundary
acrord32_sbx,CRITICAL,100.0,volume_boundary_violation,File created 469 days BEFORE volume creation - IMPOSSIBLE,2014-02-10 20:27:11,After 2015-05-26,469.0,Volume Boundary
mozilla-temp-files,CRITICAL,100.0,volume_boundary_violation,File created 468 days BEFORE volume creation - IMPOSSIBLE,2014-02-11 19:01:35,After 2015-05-26,468.0,Volume Boundary
wlmail-433777574,CRITICAL,100.0,volume_boundary_violation,File created 463 days BEFORE volume creation - IMPOSSIBLE,2014-02-17 04:11:10,After 2015-05-26,463.0,Volume Boundary
6988931A8989,CRITICAL,100.0,volume_boundary_violation,File created 463 days BEFORE volume creation - IMPOSSIBLE,2014-02-17 04:11:10,After 2015-05-26,463.0,Volume Boundary
supfiles1B54A,CRITICAL,100.0,volume_boundary_violation,File created 463 days BEFORE volume creation - IMPOSSIBLE,2014-02-17 04:11:10,After 2015-05-26,463.0,Volume Boundary
SpellingContext,CRITICAL,100.0,volume_boundary_violation,File created 463 days BEFORE volume creation - IMPOSSIBLE,2014-02-17 04:11:11,After 2015-05-26,463.0,Volume Boundary
WPDNSE,CRITICAL,100.0,volume_boundary_violation,File created 485 days BEFORE volume creation - IMPOSSIBLE,2014-01-25 23:57:59,After 2015-05-26,485.0,Volume Boundary
VirtualStore,CRITICAL,100.0,volume_boundary_violation,File created 485 days BEFORE volume creation - IMPOSSIBLE,2014-01-25 23:57:40,After 2015-05-26,485.0,Volume Boundary
Windows Live Writer,CRITICAL,100.0,volume_boundary_violation,File created 463 days BEFORE volume creation - IMPOSSIBLE,2014-02-17 00:41:11,After 2015-05-26,463.0,Volume Boundary
ResourceCache,CRITICAL,100.0,volume_boundary_violation,File created 463 days BEFORE volume creation - IMPOSSIBLE,2014-02-17 00:41:31,After 2015-05-26,463.0,Volume Boundary
live,CRITICAL,100.0,volume_boundary_violation,File created 463 days BEFORE volume creation - IMPOSSIBLE,2014-02-17 00:41:31,After 2015-05-26,463.0,Volume Boundary
assets,CRITICAL,100.0,volume_boundary_violation,File created 469 days BEFORE volume creation - IMPOSSIBLE,2014-02-10 20:28:06,After 2015-05-26,469.0,Volume Boundary
Linguistics,CRITICAL,100.0,volume_boundary_violation,File created 469 days BEFORE volume creation - IMPOSSIBLE,2014-02-10 20:27:11,After 2015-05-26,469.0,Volume Boundary
DOMStore,CRITICAL,100.0,volume_boundary_violation,File created 469 days BEFORE volume creation - IMPOSSIBLE,2014-02-10 20:21:45,After 2015-05-26,469.0,Volume Boundary
1CSOC4W4,CRITICAL,100.0,volume_boundary_violation,File created 469 days BEFORE volume creation - IMPOSSIBLE,2014-02-10 20:21:45,After 2015-05-26,469.0,Volume Boundary
2XLTH611,CRITICAL,100.0,volume_boundary_violation,File created 469 days BEFORE volume creation - IMPOSSIBLE,2014-02-10 20:21:45,After 2015-05-26,469.0,Volume Boundary
7W6T7ERX,CRITICAL,100.0,volume_boundary_violation,File created 469 days BEFORE volume creation - IMPOSSIBLE,2014-02-10 20:21:45,After 2015-05-26,469.0,Volume Boundary
DPE9V06X,CRITICAL,100.0,volume_boundary_violation,File created 469 days BEFORE volume creation - IMPOSSIBLE,2014-02-10 20:21:45,After 2015-05-26,469.0,Volume Boundary
Services,CRITICAL,100.0,volume_boundary_violation,File created 469 days BEFORE volume creation - IMPOSSIBLE,2014-02-10 20:22:04,After 2015-05-26,469.0,Volume Boundary
AppCache,CRITICAL,100.0,volume_boundary_violation,File created 469 days BEFORE volume creation - IMPOSSIBLE,2014-02-10 20:21:28,After 2015-05-26,469.0,Volume Boundary
FZYO1DP2,CRITICAL,100.0,volume_boundary_violation,File created 469 days BEFORE volume creation - IMPOSSIBLE,2014-02-10 20:21:28,After 2015-05-26,469.0,Volume Boundary
Collab,CRITICAL,100.0,volume_boundary_violation,File created 469 days BEFORE volume creation - IMPOSSIBLE,2014-02-10 20:28:12,After 2015-05-26,469.0,Volume Boundary
Forms,CRITICAL,100.0,volume_boundary_violation,File created 469 days BEFORE volume creation - IMPOSSIBLE,2014-02-10 20:28:12,After 2015-05-26,469.0,Volume Boundary
JSCache,CRITICAL,100.0,volume_boundary_violation,File created 469 days BEFORE volume creation - IMPOSSIBLE,2014-02-10 20:28:12,After 2015-05-26,469.0,Volume Boundary
Security,CRITICAL,100.0,volume_boundary_violation,File created 2142 days BEFORE volume creation - IMPOSSIBLE,2009-07-14 08:50:10,After 2015-05-26,2142.0,Volume Boundary
CRLCache,CRITICAL,100.0,volume_boundary_violation,File created 469 days BEFORE volume creation - IMPOSSIBLE,2014-02-10 20:28:13,After 2015-05-26,469.0,Volume Boundary
Flash Player,CRITICAL,100.0,volume_boundary_violation,File created 469 days BEFORE volume creation - IMPOSSIBLE,2014-02-10 20:21:42,After 2015-05-26,469.0,Volume Boundary
AssetCache,CRITICAL,100.0,volume_boundary_violation,File created 469 days BEFORE volume creation - IMPOSSIBLE,2014-02-10 20:21:42,After 2015-05-26,469.0,Volume Boundary
93CXWGR8,CRITICAL,100.0,volume_boundary_violation,File created 469 days BEFORE volume creation - IMPOSSIBLE,2014-02-10 20:21:42,After 2015-05-26,469.0,Volume Boundary
NativeCache,CRITICAL,100.0,volume_boundary_violation,File created 485 days BEFORE volume creation - IMPOSSIBLE,2014-01-25 23:57:47,After 2015-05-26,485.0,Volume Boundary
Headlights,CRITICAL,100.0,volume_boundary_violation,File created 469 days BEFORE volume creation - IMPOSSIBLE,2014-02-10 20:27:11,After 2015-05-26,469.0,Volume Boundary
LogTransport2,CRITICAL,100.0,volume_boundary_violation,File created 469 days BEFORE volume creation - IMPOSSIBLE,2014-02-10 20:27:11,After 2015-05-26,469.0,Volume Boundary
Identities,CRITICAL,100.0,volume_boundary_violation,File created 485 days BEFORE volume creation - IMPOSSIBLE,2014-01-25 23:57:43,After 2015-05-26,485.0,Volume Boundary
{446F8B65-CAA7-4D51-A079-E877C4AE4A26},CRITICAL,100.0,volume_boundary_violation,File created 485 days BEFORE volume creation - IMPOSSIBLE,2014-01-25 23:57:43,After 2015-05-26,485.0,Volume Boundary
Macromedia,CRITICAL,100.0,volume_boundary_violation,File created 469 days BEFORE volume creation - IMPOSSIBLE,2014-02-10 20:21:42,After 2015-05-26,469.0,Volume Boundary
#SharedObjects,CRITICAL,100.0,volume_boundary_violation,File created 469 days BEFORE volume creation - IMPOSSIBLE,2014-02-10 20:21:42,After 2015-05-26,469.0,Volume Boundary
4KPTZUZX,CRITICAL,100.0,volume_boundary_violation,File created 469 days BEFORE volume creation - IMPOSSIBLE,2014-02-10 20:21:42,After 2015-05-26,469.0,Volume Boundary
s.ytimg.com,CRITICAL,100.0,volume_boundary_violation,File created 469 days BEFORE volume creation - IMPOSSIBLE,2014-02-10 20:54:07,After 2015-05-26,469.0,Volume Boundary
skype.com,CRITICAL,100.0,volume_boundary_violation,File created 469 days BEFORE volume creation - IMPOSSIBLE,2014-02-10 20:22:08,After 2015-05-26,469.0,Volume Boundary
#ui,CRITICAL,100.0,volume_boundary_violation,File created 469 days BEFORE volume creation - IMPOSSIBLE,2014-02-10 20:22:08,After 2015-05-26,469.0,Volume Boundary
macromedia.com,CRITICAL,100.0,volume_boundary_violation,File created 469 days BEFORE volume creation - IMPOSSIBLE,2014-02-10 20:21:42,After 2015-05-26,469.0,Volume Boundary
support,CRITICAL,100.0,volume_boundary_violation,File created 469 days BEFORE volume creation - IMPOSSIBLE,2014-02-10 20:21:42,After 2015-05-26,469.0,Volume Boundary
flashplayer,CRITICAL,100.0,volume_boundary_violation,File created 469 days BEFORE volume creation - IMPOSSIBLE,2014-02-10 20:21:42,After 2015-05-26,469.0,Volume Boundary
sys,CRITICAL,100.0,volume_boundary_violation,File created 469 days BEFORE volume creation - IMPOSSIBLE,2014-02-10 20:21:42,After 2015-05-26,469.0,Volume Boundary
#s.ytimg.com,CRITICAL,100.0,volume_boundary_violation,File created 469 days BEFORE volume creation - IMPOSSIBLE,2014-02-10 20:54:07,After 2015-05-26,469.0,Volume Boundary
#skype.com,CRITICAL,100.0,volume_boundary_violation,File created 469 days BEFORE volume creation - IMPOSSIBLE,2014-02-10 20:22:07,After 2015-05-26,469.0,Volume Boundary
Media Center Programs,CRITICAL,100.0,volume_boundary_violation,File created 485 days BEFORE volume creation - IMPOSSIBLE,2014-01-25 23:57:38,After 2015-05-26,485.0,Volume Boundary
Crypto,CRITICAL,100.0,volume_boundary_violation,File created 469 days BEFORE volume creation - IMPOSSIBLE,2014-02-10 20:20:53,After 2015-05-26,469.0,Volume Boundary
RSA,CRITICAL,100.0,volume_boundary_violation,File created 469 days BEFORE volume creation - IMPOSSIBLE,2014-02-10 20:20:53,After 2015-05-26,469.0,Volume Boundary
S-1-5-21-1171287513-3642516788-2358256967-1004,CRITICAL,100.0,volume_boundary_violation,File created 485 days BEFORE volume creation - IMPOSSIBLE,2014-01-25 23:57:42,After 2015-05-26,485.0,Volume Boundary
Quick Launch,CRITICAL,100.0,volume_boundary_violation,File created 485 days BEFORE volume creation - IMPOSSIBLE,2014-01-25 23:57:38,After 2015-05-26,485.0,Volume Boundary
User Pinned,CRITICAL,100.0,volume_boundary_violation,File created 485 days BEFORE volume creation - IMPOSSIBLE,2014-01-25 23:57:46,After 2015-05-26,485.0,Volume Boundary
ImplicitAppShortcuts,CRITICAL,100.0,volume_boundary_violation,File created 485 days BEFORE volume creation - IMPOSSIBLE,2014-01-25 23:57:46,After 2015-05-26,485.0,Volume Boundary
StartMenu,CRITICAL,100.0,volume_boundary_violation,File created 468 days BEFORE volume creation - IMPOSSIBLE,2014-02-11 22:43:45,After 2015-05-26,468.0,Volume Boundary
TaskBar,CRITICAL,100.0,volume_boundary_violation,File created 485 days BEFORE volume creation - IMPOSSIBLE,2014-01-25 23:57:52,After 2015-05-26,485.0,Volume Boundary
UserData,CRITICAL,100.0,volume_boundary_violation,File created 485 days BEFORE volume creation - IMPOSSIBLE,2014-01-25 23:57:47,After 2015-05-26,485.0,Volume Boundary
MMC,CRITICAL,100.0,volume_boundary_violation,File created 468 days BEFORE volume creation - IMPOSSIBLE,2014-02-11 19:14:19,After 2015-05-26,468.0,Volume Boundary
Network,CRITICAL,100.0,volume_boundary_violation,File created 485 days BEFORE volume creation - IMPOSSIBLE,2014-01-25 23:57:48,After 2015-05-26,485.0,Volume Boundary
Connections,CRITICAL,100.0,volume_boundary_violation,File created 485 days BEFORE volume creation - IMPOSSIBLE,2014-01-25 23:57:48,After 2015-05-26,485.0,Volume Boundary
Pbk,CRITICAL,100.0,volume_boundary_violation,File created 485 days BEFORE volume creation - IMPOSSIBLE,2014-01-25 23:57:48,After 2015-05-26,485.0,Volume Boundary
_hiddenPbk,CRITICAL,100.0,volume_boundary_violation,File created 485 days BEFORE volume creation - IMPOSSIBLE,2014-01-25 23:57:48,After 2015-05-26,485.0,Volume Boundary
Protect,CRITICAL,100.0,volume_boundary_violation,File created 2142 days BEFORE volume creation - IMPOSSIBLE,2009-07-14 10:15:42,After 2015-05-26,2142.0,Volume Boundary
Speech,CRITICAL,100.0,volume_boundary_violation,File created 469 days BEFORE volume creation - IMPOSSIBLE,2014-02-10 20:27:11,After 2015-05-26,469.0,Volume Boundary
Sticky Notes,CRITICAL,100.0,volume_boundary_violation,File created 468 days BEFORE volume creation - IMPOSSIBLE,2014-02-11 22:15:42,After 2015-05-26,468.0,Volume Boundary
SystemCertificates,CRITICAL,100.0,volume_boundary_violation,File created 485 days BEFORE volume creation - IMPOSSIBLE,2014-01-25 23:57:53,After 2015-05-26,485.0,Volume Boundary
My,CRITICAL,100.0,volume_boundary_violation,File created 485 days BEFORE volume creation - IMPOSSIBLE,2014-01-25 23:57:53,After 2015-05-26,485.0,Volume Boundary
Certificates,CRITICAL,100.0,volume_boundary_violation,File created 485 days BEFORE volume creation - IMPOSSIBLE,2014-01-25 23:57:53,After 2015-05-26,485.0,Volume Boundary
CRLs,CRITICAL,100.0,volume_boundary_violation,File created 485 days BEFORE volume creation - IMPOSSIBLE,2014-01-25 23:57:53,After 2015-05-26,485.0,Volume Boundary
CTLs,CRITICAL,100.0,volume_boundary_violation,File created 485 days BEFORE volume creation - IMPOSSIBLE,2014-01-25 23:57:53,After 2015-05-26,485.0,Volume Boundary
Cookies,CRITICAL,100.0,volume_boundary_violation,File created 485 days BEFORE volume creation - IMPOSSIBLE,2014-01-25 23:57:39,After 2015-05-26,485.0,Volume Boundary
DNTException,CRITICAL,100.0,volume_boundary_violation,File created 485 days BEFORE volume creation - IMPOSSIBLE,2014-01-25 23:57:47,After 2015-05-26,485.0,Volume Boundary
IECompatCache,CRITICAL,100.0,volume_boundary_violation,File created 485 days BEFORE volume creation - IMPOSSIBLE,2014-01-25 23:57:47,After 2015-05-26,485.0,Volume Boundary
IECompatUACache,CRITICAL,100.0,volume_boundary_violation,File created 485 days BEFORE volume creation - IMPOSSIBLE,2014-01-25 23:57:47,After 2015-05-26,485.0,Volume Boundary
IEDownloadHistory,CRITICAL,100.0,volume_boundary_violation,File created 469 days BEFORE volume creation - IMPOSSIBLE,2014-02-10 20:21:19,After 2015-05-26,469.0,Volume Boundary
Libraries,CRITICAL,100.0,volume_boundary_violation,File created 485 days BEFORE volume creation - IMPOSSIBLE,2014-01-25 23:57:46,After 2015-05-26,485.0,Volume Boundary
Network Shortcuts,CRITICAL,100.0,volume_boundary_violation,File created 485 days BEFORE volume creation - IMPOSSIBLE,2014-01-25 23:57:38,After 2015-05-26,485.0,Volume Boundary
Printer Shortcuts,CRITICAL,100.0,volume_boundary_violation,File created 485 days BEFORE volume creation - IMPOSSIBLE,2014-01-25 23:57:38,After 2015-05-26,485.0,Volume Boundary
PrivacIE,CRITICAL,100.0,volume_boundary_violation,File created 485 days BEFORE volume creation - IMPOSSIBLE,2014-01-25 23:57:47,After 2015-05-26,485.0,Volume Boundary
Recent,CRITICAL,100.0,volume_boundary_violation,File created 485 days BEFORE volume creation - IMPOSSIBLE,2014-01-25 23:57:39,After 2015-05-26,485.0,Volume Boundary
AutomaticDestinations,CRITICAL,100.0,volume_boundary_violation,File created 485 days BEFORE volume creation - IMPOSSIBLE,2014-01-25 23:57:52,After 2015-05-26,485.0,Volume Boundary
CustomDestinations,CRITICAL,100.0,volume_boundary_violation,File created 485 days BEFORE volume creation - IMPOSSIBLE,2014-01-25 23:57:52,After 2015-05-26,485.0,Volume Boundary
SendTo,CRITICAL,100.0,volume_boundary_violation,File created 485 days BEFORE volume creation - IMPOSSIBLE,2014-01-25 23:57:39,After 2015-05-26,485.0,Volume Boundary
Start Menu,CRITICAL,100.0,volume_boundary_violation,File created 485 days BEFORE volume creation - IMPOSSIBLE,2014-01-25 23:57:39,After 2015-05-26,485.0,Volume Boundary
Programs,CRITICAL,100.0,volume_boundary_violation,File created 2142 days BEFORE volume creation - IMPOSSIBLE,2009-07-14 08:50:08,After 2015-05-26,2142.0,Volume Boundary
Accessories,CRITICAL,100.0,volume_boundary_violation,File created 485 days BEFORE volume creation - IMPOSSIBLE,2014-01-25 23:57:38,After 2015-05-26,485.0,Volume Boundary
Accessibility,CRITICAL,100.0,volume_boundary_violation,File created 1647 days BEFORE volume creation - IMPOSSIBLE,2010-11-21 09:21:53,After 2015-05-26,1647.0,Volume Boundary
System Tools,CRITICAL,100.0,volume_boundary_violation,File created 485 days BEFORE volume creation - IMPOSSIBLE,2014-01-25 23:57:38,After 2015-05-26,485.0,Volume Boundary
Administrative Tools,CRITICAL,100.0,volume_boundary_violation,File created 485 days BEFORE volume creation - IMPOSSIBLE,2014-01-25 23:57:46,After 2015-05-26,485.0,Volume Boundary
Maintenance,CRITICAL,100.0,volume_boundary_violation,File created 2142 days BEFORE volume creation - IMPOSSIBLE,2009-07-14 11:02:38,After 2015-05-26,2142.0,Volume Boundary
Startup,CRITICAL,100.0,volume_boundary_violation,File created 485 days BEFORE volume creation - IMPOSSIBLE,2014-01-25 23:57:46,After 2015-05-26,485.0,Volume Boundary
Templates,CRITICAL,100.0,volume_boundary_violation,File created 485 days BEFORE volume creation - IMPOSSIBLE,2014-01-25 23:57:39,After 2015-05-26,485.0,Volume Boundary
Themes,CRITICAL,100.0,volume_boundary_violation,File created 485 days BEFORE volume creation - IMPOSSIBLE,2014-01-25 23:57:41,After 2015-05-26,485.0,Volume Boundary
Extensions,CRITICAL,100.0,volume_boundary_violation,File created 468 days BEFORE volume creation - IMPOSSIBLE,2014-02-11 22:44:34,After 2015-05-26,468.0,Volume Boundary
Crash Reports,CRITICAL,100.0,volume_boundary_violation,File created 468 days BEFORE volume creation - IMPOSSIBLE,2014-02-11 19:01:22,After 2015-05-26,468.0,Volume Boundary
bookmarkbackups,CRITICAL,100.0,volume_boundary_violation,File created 468 days BEFORE volume creation - IMPOSSIBLE,2014-02-11 19:01:28,After 2015-05-26,468.0,Volume Boundary
healthreport,CRITICAL,100.0,volume_boundary_violation,File created 468 days BEFORE volume creation - IMPOSSIBLE,2014-02-11 19:02:31,After 2015-05-26,468.0,Volume Boundary
webapps,CRITICAL,100.0,volume_boundary_violation,File created 468 days BEFORE volume creation - IMPOSSIBLE,2014-02-11 19:01:28,After 2015-05-26,468.0,Volume Boundary
minidumps,CRITICAL,100.0,volume_boundary_violation,File created 468 days BEFORE volume creation - IMPOSSIBLE,2014-02-11 19:01:22,After 2015-05-26,468.0,Volume Boundary
storage,CRITICAL,100.0,volume_boundary_violation,File created 468 days BEFORE volume creation - IMPOSSIBLE,2014-02-11 19:01:32,After 2015-05-26,468.0,Volume Boundary
persistent,CRITICAL,100.0,volume_boundary_violation,File created 468 days BEFORE volume creation - IMPOSSIBLE,2014-02-11 19:01:32,After 2015-05-26,468.0,Volume Boundary
moz-safe-about+home,CRITICAL,100.0,volume_boundary_violation,File created 468 days BEFORE volume creation - IMPOSSIBLE,2014-02-11 19:01:32,After 2015-05-26,468.0,Volume Boundary
idb,CRITICAL,100.0,volume_boundary_violation,File created 468 days BEFORE volume creation - IMPOSSIBLE,2014-02-11 19:01:32,After 2015-05-26,468.0,Volume Boundary
818200132aebmoouht,CRITICAL,100.0,volume_boundary_violation,File created 468 days BEFORE volume creation - IMPOSSIBLE,2014-02-11 19:01:32,After 2015-05-26,468.0,Volume Boundary
OpenOffice,CRITICAL,100.0,volume_boundary_violation,File created 468 days BEFORE volume creation - IMPOSSIBLE,2014-02-11 22:44:31,After 2015-05-26,468.0,Volume Boundary
user,CRITICAL,100.0,volume_boundary_violation,File created 2142 days BEFORE volume creation - IMPOSSIBLE,2009-07-14 10:15:42,After 2015-05-26,2142.0,Volume Boundary
autocorr,CRITICAL,100.0,volume_boundary_violation,File created 468 days BEFORE volume creation - IMPOSSIBLE,2014-02-11 22:44:32,After 2015-05-26,468.0,Volume Boundary
autotext,CRITICAL,100.0,volume_boundary_violation,File created 468 days BEFORE volume creation - IMPOSSIBLE,2014-02-11 22:44:32,After 2015-05-26,468.0,Volume Boundary
basic,CRITICAL,100.0,volume_boundary_violation,File created 468 days BEFORE volume creation - IMPOSSIBLE,2014-02-11 22:44:32,After 2015-05-26,468.0,Volume Boundary
Standard,CRITICAL,100.0,volume_boundary_violation,File created 468 days BEFORE volume creation - IMPOSSIBLE,2014-02-11 22:44:32,After 2015-05-26,468.0,Volume Boundary
soffice.cfg,CRITICAL,100.0,volume_boundary_violation,File created 468 days BEFORE volume creation - IMPOSSIBLE,2014-02-11 22:44:58,After 2015-05-26,468.0,Volume Boundary
modules,CRITICAL,100.0,volume_boundary_violation,File created 468 days BEFORE volume creation - IMPOSSIBLE,2014-02-11 22:44:58,After 2015-05-26,468.0,Volume Boundary
scalc,CRITICAL,100.0,volume_boundary_violation,File created 460 days BEFORE volume creation - IMPOSSIBLE,2014-02-19 19:02:02,After 2015-05-26,460.0,Volume Boundary
images,CRITICAL,100.0,volume_boundary_violation,File created 460 days BEFORE volume creation - IMPOSSIBLE,2014-02-19 19:11:37,After 2015-05-26,460.0,Volume Boundary
Bitmaps,CRITICAL,100.0,volume_boundary_violation,File created 460 days BEFORE volume creation - IMPOSSIBLE,2014-02-19 19:11:37,After 2015-05-26,460.0,Volume Boundary
menubar,CRITICAL,100.0,volume_boundary_violation,File created 460 days BEFORE volume creation - IMPOSSIBLE,2014-02-19 19:11:37,After 2015-05-26,460.0,Volume Boundary
statusbar,CRITICAL,100.0,volume_boundary_violation,File created 460 days BEFORE volume creation - IMPOSSIBLE,2014-02-19 19:11:37,After 2015-05-26,460.0,Volume Boundary
toolbar,CRITICAL,100.0,volume_boundary_violation,File created 460 days BEFORE volume creation - IMPOSSIBLE,2014-02-19 19:11:37,After 2015-05-26,460.0,Volume Boundary
StartModule,CRITICAL,100.0,volume_boundary_violation,File created 468 days BEFORE volume creation - IMPOSSIBLE,2014-02-11 22:44:58,After 2015-05-26,468.0,Volume Boundary
swriter,CRITICAL,100.0,volume_boundary_violation,File created 460 days BEFORE volume creation - IMPOSSIBLE,2014-02-19 19:11:37,After 2015-05-26,460.0,Volume Boundary
database,CRITICAL,100.0,volume_boundary_violation,File created 468 days BEFORE volume creation - IMPOSSIBLE,2014-02-11 22:44:32,After 2015-05-26,468.0,Volume Boundary
biblio,CRITICAL,100.0,volume_boundary_violation,File created 468 days BEFORE volume creation - IMPOSSIBLE,2014-02-11 22:44:32,After 2015-05-26,468.0,Volume Boundary
bundled,CRITICAL,100.0,volume_boundary_violation,File created 468 days BEFORE volume creation - IMPOSSIBLE,2014-02-11 22:44:31,After 2015-05-26,468.0,Volume Boundary
registry,CRITICAL,100.0,volume_boundary_violation,File created 468 days BEFORE volume creation - IMPOSSIBLE,2014-02-11 22:44:34,After 2015-05-26,468.0,Volume Boundary
com.sun.star.comp.deployment.bundle.PackageRegistryBackend,CRITICAL,100.0,volume_boundary_violation,File created 468 days BEFORE volume creation - IMPOSSIBLE,2014-02-11 22:44:34,After 2015-05-26,468.0,Volume Boundary
com.sun.star.comp.deployment.component.PackageRegistryBackend,CRITICAL,100.0,volume_boundary_violation,File created 468 days BEFORE volume creation - IMPOSSIBLE,2014-02-11 22:44:34,After 2015-05-26,468.0,Volume Boundary
com.sun.star.comp.deployment.configuration.PackageRegistryBackend,CRITICAL,100.0,volume_boundary_violation,File created 468 days BEFORE volume creation - IMPOSSIBLE,2014-02-11 22:44:34,After 2015-05-26,468.0,Volume Boundary
com.sun.star.comp.deployment.executable.PackageRegistryBackend,CRITICAL,100.0,volume_boundary_violation,File created 468 days BEFORE volume creation - IMPOSSIBLE,2014-02-11 22:44:34,After 2015-05-26,468.0,Volume Boundary
com.sun.star.comp.deployment.help.PackageRegistryBackend,CRITICAL,100.0,volume_boundary_violation,File created 468 days BEFORE volume creation - IMPOSSIBLE,2014-02-11 22:44:34,After 2015-05-26,468.0,Volume Boundary
com.sun.star.comp.deployment.script.PackageRegistryBackend,CRITICAL,100.0,volume_boundary_violation,File created 468 days BEFORE volume creation - IMPOSSIBLE,2014-02-11 22:44:34,After 2015-05-26,468.0,Volume Boundary
com.sun.star.comp.deployment.sfwk.PackageRegistryBackend,CRITICAL,100.0,volume_boundary_violation,File created 468 days BEFORE volume creation - IMPOSSIBLE,2014-02-11 22:44:34,After 2015-05-26,468.0,Volume Boundary
shared,CRITICAL,100.0,volume_boundary_violation,File created 468 days BEFORE volume creation - IMPOSSIBLE,2014-02-11 22:44:33,After 2015-05-26,468.0,Volume Boundary
tmp,CRITICAL,100.0,volume_boundary_violation,File created 2142 days BEFORE volume creation - IMPOSSIBLE,2009-07-14 10:25:04,After 2015-05-26,2142.0,Volume Boundary
gallery,CRITICAL,100.0,volume_boundary_violation,File created 468 days BEFORE volume creation - IMPOSSIBLE,2014-02-11 22:44:32,After 2015-05-26,468.0,Volume Boundary
Scripts,CRITICAL,100.0,volume_boundary_violation,File created 468 days BEFORE volume creation - IMPOSSIBLE,2014-02-11 22:44:32,After 2015-05-26,468.0,Volume Boundary
template,CRITICAL,100.0,volume_boundary_violation,File created 468 days BEFORE volume creation - IMPOSSIBLE,2014-02-11 22:44:32,After 2015-05-26,468.0,Volume Boundary
uno_packages,CRITICAL,100.0,volume_boundary_violation,File created 468 days BEFORE volume creation - IMPOSSIBLE,2014-02-11 22:44:34,After 2015-05-26,468.0,Volume Boundary
sv88lu3.tmp,CRITICAL,100.0,volume_boundary_violation,File created 468 days BEFORE volume creation - IMPOSSIBLE,2014-02-11 22:44:58,After 2015-05-26,468.0,Volume Boundary
sv88l7k.tmp_,CRITICAL,100.0,volume_boundary_violation,File created 468 days BEFORE volume creation - IMPOSSIBLE,2014-02-11 22:44:57,After 2015-05-26,468.0,Volume Boundary
dict-en.oxt,CRITICAL,100.0,volume_boundary_violation,File created 468 days BEFORE volume creation - IMPOSSIBLE,2014-02-11 22:44:57,After 2015-05-26,468.0,Volume Boundary
META-INF,CRITICAL,100.0,volume_boundary_violation,File created 468 days BEFORE volume creation - IMPOSSIBLE,2014-02-11 22:44:57,After 2015-05-26,468.0,Volume Boundary
wordbook,CRITICAL,100.0,volume_boundary_violation,File created 468 days BEFORE volume creation - IMPOSSIBLE,2014-02-11 22:44:32,After 2015-05-26,468.0,Volume Boundary
TrueCrypt,CRITICAL,100.0,volume_boundary_violation,File created 468 days BEFORE volume creation - IMPOSSIBLE,2014-02-11 19:51:53,After 2015-05-26,468.0,Volume Boundary
LinkGlossary,CRITICAL,100.0,volume_boundary_violation,File created 463 days BEFORE volume creation - IMPOSSIBLE,2014-02-17 01:01:13,After 2015-05-26,463.0,Volume Boundary
Desktop,CRITICAL,100.0,volume_boundary_violation,File created 485 days BEFORE volume creation - IMPOSSIBLE,2014-01-25 23:57:38,After 2015-05-26,485.0,Volume Boundary
Jose Badguy,CRITICAL,100.0,volume_boundary_violation,File created 463 days BEFORE volume creation - IMPOSSIBLE,2014-02-17 02:08:38,After 2015-05-26,463.0,Volume Boundary
OpenOffice 4.0.1 (en-US) Installation Files,CRITICAL,100.0,volume_boundary_violation,File created 468 days BEFORE volume creation - IMPOSSIBLE,2014-02-11 22:37:48,After 2015-05-26,468.0,Volume Boundary
licenses,CRITICAL,100.0,volume_boundary_violation,File created 468 days BEFORE volume creation - IMPOSSIBLE,2014-02-11 22:37:50,After 2015-05-26,468.0,Volume Boundary
readmes,CRITICAL,100.0,volume_boundary_violation,File created 468 days BEFORE volume creation - IMPOSSIBLE,2014-02-11 22:37:50,After 2015-05-26,468.0,Volume Boundary
redist,CRITICAL,100.0,volume_boundary_violation,File created 468 days BEFORE volume creation - IMPOSSIBLE,2014-02-11 22:37:50,After 2015-05-26,468.0,Volume Boundary
Robert Ripoff,CRITICAL,100.0,volume_boundary_violation,File created 463 days BEFORE volume creation - IMPOSSIBLE,2014-02-17 02:26:16,After 2015-05-26,463.0,Volume Boundary
Documents,CRITICAL,100.0,volume_boundary_violation,File created 485 days BEFORE volume creation - IMPOSSIBLE,2014-01-25 23:57:38,After 2015-05-26,485.0,Volume Boundary
My Music,CRITICAL,100.0,volume_boundary_violation,File created 485 days BEFORE volume creation - IMPOSSIBLE,2014-01-25 23:57:39,After 2015-05-26,485.0,Volume Boundary
My Pictures,CRITICAL,100.0,volume_boundary_violation,File created 485 days BEFORE volume creation - IMPOSSIBLE,2014-01-25 23:57:39,After 2015-05-26,485.0,Volume Boundary
My Videos,CRITICAL,100.0,volume_boundary_violation,File created 485 days BEFORE volume creation - IMPOSSIBLE,2014-01-25 23:57:39,After 2015-05-26,485.0,Volume Boundary
Favorites,CRITICAL,100.0,volume_boundary_violation,File created 485 days BEFORE volume creation - IMPOSSIBLE,2014-01-25 23:57:38,After 2015-05-26,485.0,Volume Boundary
Links,CRITICAL,100.0,volume_boundary_violation,File created 485 days BEFORE volume creation - IMPOSSIBLE,2014-01-25 23:57:38,After 2015-05-26,485.0,Volume Boundary
Links for United States,CRITICAL,100.0,volume_boundary_violation,File created 485 days BEFORE volume creation - IMPOSSIBLE,2014-01-25 23:57:53,After 2015-05-26,485.0,Volume Boundary
Local Settings,CRITICAL,100.0,volume_boundary_violation,File created 485 days BEFORE volume creation - IMPOSSIBLE,2014-01-25 23:57:39,After 2015-05-26,485.0,Volume Boundary
Music,CRITICAL,100.0,volume_boundary_violation,File created 485 days BEFORE volume creation - IMPOSSIBLE,2014-01-25 23:57:38,After 2015-05-26,485.0,Volume Boundary
My Documents,CRITICAL,100.0,volume_boundary_violation,File created 485 days BEFORE volume creation - IMPOSSIBLE,2014-01-25 23:57:39,After 2015-05-26,485.0,Volume Boundary
NetHood,CRITICAL,100.0,volume_boundary_violation,File created 485 days BEFORE volume creation - IMPOSSIBLE,2014-01-25 23:57:39,After 2015-05-26,485.0,Volume Boundary
Pictures,CRITICAL,100.0,volume_boundary_violation,File created 485 days BEFORE volume creation - IMPOSSIBLE,2014-01-25 23:57:38,After 2015-05-26,485.0,Volume Boundary
PrintHood,CRITICAL,100.0,volume_boundary_violation,File created 485 days BEFORE volume creation - IMPOSSIBLE,2014-01-25 23:57:39,After 2015-05-26,485.0,Volume Boundary
Saved Games,CRITICAL,100.0,volume_boundary_violation,File created 485 days BEFORE volume creation - IMPOSSIBLE,2014-01-25 23:57:38,After 2015-05-26,485.0,Volume Boundary
Searches,CRITICAL,100.0,volume_boundary_violation,File created 485 days BEFORE volume creation - IMPOSSIBLE,2014-01-25 23:57:46,After 2015-05-26,485.0,Volume Boundary
Videos,CRITICAL,100.0,volume_boundary_violation,File created 485 days BEFORE volume creation - IMPOSSIBLE,2014-01-25 23:57:38,After 2015-05-26,485.0,Volume Boundary
S-1-5-21-1171287513-3642516788-2358256967-1001,CRITICAL,100.0,volume_boundary_violation,File created 486 days BEFORE volume creation - IMPOSSIBLE,2014-01-25 06:58:08,After 2015-05-26,486.0,Volume Boundary
S-1-5-21-1171287513-3642516788-2358256967-1003,CRITICAL,100.0,volume_boundary_violation,File created 485 days BEFORE volume creation - IMPOSSIBLE,2014-01-25 23:55:45,After 2015-05-26,485.0,Volume Boundary
CreateDisc,CRITICAL,100.0,volume_boundary_violation,File created 1505 days BEFORE volume creation - IMPOSSIBLE,2011-04-12 13:58:11,After 2015-05-26,1505.0,Volume Boundary
tables,CRITICAL,100.0,volume_boundary_violation,File created 1505 days BEFORE volume creation - IMPOSSIBLE,2011-04-12 13:58:11,After 2015-05-26,1505.0,Volume Boundary
Filters,CRITICAL,100.0,volume_boundary_violation,File created 1505 days BEFORE volume creation - IMPOSSIBLE,2011-04-12 13:58:11,After 2015-05-26,1505.0,Volume Boundary
SFXPlugins,CRITICAL,100.0,volume_boundary_violation,File created 1505 days BEFORE volume creation - IMPOSSIBLE,2011-04-12 13:58:11,After 2015-05-26,1505.0,Volume Boundary
SonicResources,CRITICAL,100.0,volume_boundary_violation,File created 1505 days BEFORE volume creation - IMPOSSIBLE,2011-04-12 13:58:11,After 2015-05-26,1505.0,Volume Boundary
style,CRITICAL,100.0,volume_boundary_violation,File created 1505 days BEFORE volume creation - IMPOSSIBLE,2011-04-12 13:58:11,After 2015-05-26,1505.0,Volume Boundary
Styles,CRITICAL,100.0,volume_boundary_violation,File created 1505 days BEFORE volume creation - IMPOSSIBLE,2011-04-12 13:58:11,After 2015-05-26,1505.0,Volume Boundary
NTSC,CRITICAL,100.0,volume_boundary_violation,File created 1505 days BEFORE volume creation - IMPOSSIBLE,2011-04-12 13:58:11,After 2015-05-26,1505.0,Volume Boundary
Symphony,CRITICAL,100.0,volume_boundary_violation,File created 1505 days BEFORE volume creation - IMPOSSIBLE,2011-04-12 13:58:11,After 2015-05-26,1505.0,Volume Boundary
PAL,CRITICAL,100.0,volume_boundary_violation,File created 1505 days BEFORE volume creation - IMPOSSIBLE,2011-04-12 13:58:11,After 2015-05-26,1505.0,Volume Boundary
MCX,CRITICAL,100.0,volume_boundary_violation,File created 1505 days BEFORE volume creation - IMPOSSIBLE,2011-04-12 13:58:11,After 2015-05-26,1505.0,Volume Boundary
X02,CRITICAL,100.0,volume_boundary_violation,File created 1505 days BEFORE volume creation - IMPOSSIBLE,2011-04-12 13:58:11,After 2015-05-26,1505.0,Volume Boundary
MediaRenderer,CRITICAL,100.0,volume_boundary_violation,File created 1505 days BEFORE volume creation - IMPOSSIBLE,2011-04-12 13:58:11,After 2015-05-26,1505.0,Volume Boundary
wow,CRITICAL,100.0,volume_boundary_violation,File created 1505 days BEFORE volume creation - IMPOSSIBLE,2011-04-12 13:58:11,After 2015-05-26,1505.0,Volume Boundary
addins,CRITICAL,100.0,volume_boundary_violation,File created 2142 days BEFORE volume creation - IMPOSSIBLE,2009-07-14 11:02:38,After 2015-05-26,2142.0,Volume Boundary
AppCompat,CRITICAL,100.0,volume_boundary_violation,File created 2142 days BEFORE volume creation - IMPOSSIBLE,2009-07-14 08:50:08,After 2015-05-26,2142.0,Volume Boundary
AppPatch,CRITICAL,100.0,volume_boundary_violation,File created 2142 days BEFORE volume creation - IMPOSSIBLE,2009-07-14 08:50:08,After 2015-05-26,2142.0,Volume Boundary
AppPatch64,CRITICAL,100.0,volume_boundary_violation,File created 2142 days BEFORE volume creation - IMPOSSIBLE,2009-07-14 08:50:08,After 2015-05-26,2142.0,Volume Boundary
Custom,CRITICAL,100.0,volume_boundary_violation,File created 2142 days BEFORE volume creation - IMPOSSIBLE,2009-07-14 08:50:08,After 2015-05-26,2142.0,Volume Boundary
Custom64,CRITICAL,100.0,volume_boundary_violation,File created 2142 days BEFORE volume creation - IMPOSSIBLE,2009-07-14 08:50:08,After 2015-05-26,2142.0,Volume Boundary
BitLockerDiscoveryVolumeContents,CRITICAL,100.0,volume_boundary_violation,File created 1505 days BEFORE volume creation - IMPOSSIBLE,2011-04-12 13:58:09,After 2015-05-26,1505.0,Volume Boundary
Boot,CRITICAL,100.0,volume_boundary_violation,File created 2142 days BEFORE volume creation - IMPOSSIBLE,2009-07-14 08:50:10,After 2015-05-26,2142.0,Volume Boundary
DVD,CRITICAL,100.0,volume_boundary_violation,File created 2142 days BEFORE volume creation - IMPOSSIBLE,2009-07-14 11:02:38,After 2015-05-26,2142.0,Volume Boundary
EFI,CRITICAL,100.0,volume_boundary_violation,File created 2142 days BEFORE volume creation - IMPOSSIBLE,2009-07-14 08:50:09,After 2015-05-26,2142.0,Volume Boundary
PCAT,CRITICAL,100.0,volume_boundary_violation,File created 2142 days BEFORE volume creation - IMPOSSIBLE,2009-07-14 08:50:09,After 2015-05-26,2142.0,Volume Boundary
cs-CZ,CRITICAL,100.0,volume_boundary_violation,File created 2142 days BEFORE volume creation - IMPOSSIBLE,2009-07-14 08:50:09,After 2015-05-26,2142.0,Volume Boundary
da-DK,CRITICAL,100.0,volume_boundary_violation,File created 2142 days BEFORE volume creation - IMPOSSIBLE,2009-07-14 08:50:09,After 2015-05-26,2142.0,Volume Boundary
de-DE,CRITICAL,100.0,volume_boundary_violation,File created 2142 days BEFORE volume creation - IMPOSSIBLE,2009-07-14 08:50:09,After 2015-05-26,2142.0,Volume Boundary
el-GR,CRITICAL,100.0,volume_boundary_violation,File created 2142 days BEFORE volume creation - IMPOSSIBLE,2009-07-14 08:50:09,After 2015-05-26,2142.0,Volume Boundary
es-ES,CRITICAL,100.0,volume_boundary_violation,File created 2142 days BEFORE volume creation - IMPOSSIBLE,2009-07-14 08:50:09,After 2015-05-26,2142.0,Volume Boundary
fi-FI,CRITICAL,100.0,volume_boundary_violation,File created 2142 days BEFORE volume creation - IMPOSSIBLE,2009-07-14 08:50:09,After 2015-05-26,2142.0,Volume Boundary
fr-FR,CRITICAL,100.0,volume_boundary_violation,File created 2142 days BEFORE volume creation - IMPOSSIBLE,2009-07-14 08:50:09,After 2015-05-26,2142.0,Volume Boundary
hu-HU,CRITICAL,100.0,volume_boundary_violation,File created 2142 days BEFORE volume creation - IMPOSSIBLE,2009-07-14 08:50:09,After 2015-05-26,2142.0,Volume Boundary
it-IT,CRITICAL,100.0,volume_boundary_violation,File created 2142 days BEFORE volume creation - IMPOSSIBLE,2009-07-14 08:50:09,After 2015-05-26,2142.0,Volume Boundary
ja-JP,CRITICAL,100.0,volume_boundary_violation,File created 2142 days BEFORE volume creation - IMPOSSIBLE,2009-07-14 08:50:09,After 2015-05-26,2142.0,Volume Boundary
ko-KR,CRITICAL,100.0,volume_boundary_violation,File created 2142 days BEFORE volume creation - IMPOSSIBLE,2009-07-14 08:50:09,After 2015-05-26,2142.0,Volume Boundary
nb-NO,CRITICAL,100.0,volume_boundary_violation,File created 2142 days BEFORE volume creation - IMPOSSIBLE,2009-07-14 08:50:11,After 2015-05-26,2142.0,Volume Boundary
nl-NL,CRITICAL,100.0,volume_boundary_violation,File created 2142 days BEFORE volume creation - IMPOSSIBLE,2009-07-14 08:50:11,After 2015-05-26,2142.0,Volume Boundary
pl-PL,CRITICAL,100.0,volume_boundary_violation,File created 2142 days BEFORE volume creation - IMPOSSIBLE,2009-07-14 08:50:11,After 2015-05-26,2142.0,Volume Boundary
pt-BR,CRITICAL,100.0,volume_boundary_violation,File created 2142 days BEFORE volume creation - IMPOSSIBLE,2009-07-14 08:50:09,After 2015-05-26,2142.0,Volume Boundary
pt-PT,CRITICAL,100.0,volume_boundary_violation,File created 2142 days BEFORE volume creation - IMPOSSIBLE,2009-07-14 08:50:09,After 2015-05-26,2142.0,Volume Boundary
ru-RU,CRITICAL,100.0,volume_boundary_violation,File created 2142 days BEFORE volume creation - IMPOSSIBLE,2009-07-14 08:50:09,After 2015-05-26,2142.0,Volume Boundary
sv-SE,CRITICAL,100.0,volume_boundary_violation,File created 2142 days BEFORE volume creation - IMPOSSIBLE,2009-07-14 08:50:09,After 2015-05-26,2142.0,Volume Boundary
tr-TR,CRITICAL,100.0,volume_boundary_violation,File created 2142 days BEFORE volume creation - IMPOSSIBLE,2009-07-14 08:50:09,After 2015-05-26,2142.0,Volume Boundary
zh-CN,CRITICAL,100.0,volume_boundary_violation,File created 2142 days BEFORE volume creation - IMPOSSIBLE,2009-07-14 08:50:09,After 2015-05-26,2142.0,Volume Boundary
zh-HK,CRITICAL,100.0,volume_boundary_violation,File created 2142 days BEFORE volume creation - IMPOSSIBLE,2009-07-14 08:50:09,After 2015-05-26,2142.0,Volume Boundary
zh-TW,CRITICAL,100.0,volume_boundary_violation,File created 2142 days BEFORE volume creation - IMPOSSIBLE,2009-07-14 08:50:09,After 2015-05-26,2142.0,Volume Boundary
Fonts,CRITICAL,100.0,volume_boundary_violation,File created 2142 days BEFORE volume creation - IMPOSSIBLE,2009-07-14 08:50:09,After 2015-05-26,2142.0,Volume Boundary
Branding,CRITICAL,100.0,volume_boundary_violation,File created 2142 days BEFORE volume creation - IMPOSSIBLE,2009-07-14 08:50:09,After 2015-05-26,2142.0,Volume Boundary
Basebrd,CRITICAL,100.0,volume_boundary_violation,File created 2142 days BEFORE volume creation - IMPOSSIBLE,2009-07-14 11:02:38,After 2015-05-26,2142.0,Volume Boundary
ShellBrd,CRITICAL,100.0,volume_boundary_violation,File created 2142 days BEFORE volume creation - IMPOSSIBLE,2009-07-14 08:50:09,After 2015-05-26,2142.0,Volume Boundary
CSC,CRITICAL,100.0,volume_boundary_violation,File created 1505 days BEFORE volume creation - IMPOSSIBLE,2011-04-12 13:58:09,After 2015-05-26,1505.0,Volume Boundary
Cursors,CRITICAL,100.0,volume_boundary_violation,File created 2142 days BEFORE volume creation - IMPOSSIBLE,2009-07-14 08:50:09,After 2015-05-26,2142.0,Volume Boundary
debug,CRITICAL,100.0,volume_boundary_violation,File created 2142 days BEFORE volume creation - IMPOSSIBLE,2009-07-14 10:15:54,After 2015-05-26,2142.0,Volume Boundary
diagnostics,CRITICAL,100.0,volume_boundary_violation,File created 2142 days BEFORE volume creation - IMPOSSIBLE,2009-07-14 11:02:38,After 2015-05-26,2142.0,Volume Boundary
index,CRITICAL,100.0,volume_boundary_violation,File created 2142 days BEFORE volume creation - IMPOSSIBLE,2009-07-14 11:02:38,After 2015-05-26,2142.0,Volume Boundary
scheduled,CRITICAL,100.0,volume_boundary_violation,File created 2142 days BEFORE volume creation - IMPOSSIBLE,2009-07-14 11:02:38,After 2015-05-26,2142.0,Volume Boundary
system,CRITICAL,100.0,volume_boundary_violation,File created 1647 days BEFORE volume creation - IMPOSSIBLE,2010-11-21 09:20:00,After 2015-05-26,1647.0,Volume Boundary
AERO,CRITICAL,100.0,volume_boundary_violation,File created 2142 days BEFORE volume creation - IMPOSSIBLE,2009-07-14 11:02:38,After 2015-05-26,2142.0,Volume Boundary
Audio,CRITICAL,100.0,volume_boundary_violation,File created 2142 days BEFORE volume creation - IMPOSSIBLE,2009-07-14 11:02:38,After 2015-05-26,2142.0,Volume Boundary
Device,CRITICAL,100.0,volume_boundary_violation,File created 2142 days BEFORE volume creation - IMPOSSIBLE,2009-07-14 11:02:38,After 2015-05-26,2142.0,Volume Boundary
DeviceCenter,CRITICAL,100.0,volume_boundary_violation,File created 2142 days BEFORE volume creation - IMPOSSIBLE,2009-07-14 11:02:38,After 2015-05-26,2142.0,Volume Boundary
HomeGroup,CRITICAL,100.0,volume_boundary_violation,File created 2142 days BEFORE volume creation - IMPOSSIBLE,2009-07-14 11:02:38,After 2015-05-26,2142.0,Volume Boundary
Networking,CRITICAL,100.0,volume_boundary_violation,File created 2142 days BEFORE volume creation - IMPOSSIBLE,2009-07-14 11:02:38,After 2015-05-26,2142.0,Volume Boundary
PCW,CRITICAL,100.0,volume_boundary_violation,File created 2142 days BEFORE volume creation - IMPOSSIBLE,2009-07-14 11:02:38,After 2015-05-26,2142.0,Volume Boundary
Power,CRITICAL,100.0,volume_boundary_violation,File created 2142 days BEFORE volume creation - IMPOSSIBLE,2009-07-14 11:02:38,After 2015-05-26,2142.0,Volume Boundary
Printer,CRITICAL,100.0,volume_boundary_violation,File created 2142 days BEFORE volume creation - IMPOSSIBLE,2009-07-14 11:02:38,After 2015-05-26,2142.0,Volume Boundary
Search,CRITICAL,100.0,volume_boundary_violation,File created 2142 days BEFORE volume creation - IMPOSSIBLE,2009-07-14 11:02:38,After 2015-05-26,2142.0,Volume Boundary
WindowsMediaPlayerConfiguration,CRITICAL,100.0,volume_boundary_violation,File created 2142 days BEFORE volume creation - IMPOSSIBLE,2009-07-14 11:02:38,After 2015-05-26,2142.0,Volume Boundary
WindowsMediaPlayerMediaLibrary,CRITICAL,100.0,volume_boundary_violation,File created 2142 days BEFORE volume creation - IMPOSSIBLE,2009-07-14 11:02:38,After 2015-05-26,2142.0,Volume Boundary
WindowsMediaPlayerPlayDVD,CRITICAL,100.0,volume_boundary_violation,File created 2142 days BEFORE volume creation - IMPOSSIBLE,2009-07-14 11:02:38,After 2015-05-26,2142.0,Volume Boundary
WindowsUpdate,CRITICAL,100.0,volume_boundary_violation,File created 2142 days BEFORE volume creation - IMPOSSIBLE,2009-07-14 11:02:38,After 2015-05-26,2142.0,Volume Boundary
DigitalLocker,CRITICAL,100.0,volume_boundary_violation,File created 2142 days BEFORE volume creation - IMPOSSIBLE,2009-07-14 11:07:46,After 2015-05-26,2142.0,Volume Boundary
Downloaded Program Files,CRITICAL,100.0,volume_boundary_violation,File created 2142 days BEFORE volume creation - IMPOSSIBLE,2009-07-14 11:02:38,After 2015-05-26,2142.0,Volume Boundary
Globalization,CRITICAL,100.0,volume_boundary_violation,File created 2142 days BEFORE volume creation - IMPOSSIBLE,2009-07-14 08:50:09,After 2015-05-26,2142.0,Volume Boundary
ELS,CRITICAL,100.0,volume_boundary_violation,File created 2142 days BEFORE volume creation - IMPOSSIBLE,2009-07-14 08:50:09,After 2015-05-26,2142.0,Volume Boundary
Transliteration,CRITICAL,100.0,volume_boundary_violation,File created 2142 days BEFORE volume creation - IMPOSSIBLE,2009-07-14 08:50:09,After 2015-05-26,2142.0,Volume Boundary
MCT,CRITICAL,100.0,volume_boundary_violation,File created 1505 days BEFORE volume creation - IMPOSSIBLE,2011-04-12 14:00:42,After 2015-05-26,1505.0,Volume Boundary
MCT-AU,CRITICAL,100.0,volume_boundary_violation,File created 1505 days BEFORE volume creation - IMPOSSIBLE,2011-04-12 14:00:42,After 2015-05-26,1505.0,Volume Boundary
RSSFeed,CRITICAL,100.0,volume_boundary_violation,File created 1505 days BEFORE volume creation - IMPOSSIBLE,2011-04-12 14:02:08,After 2015-05-26,1505.0,Volume Boundary
Theme,CRITICAL,100.0,volume_boundary_violation,File created 1505 days BEFORE volume creation - IMPOSSIBLE,2011-04-12 14:02:08,After 2015-05-26,1505.0,Volume Boundary
Wallpaper,CRITICAL,100.0,volume_boundary_violation,File created 1505 days BEFORE volume creation - IMPOSSIBLE,2011-04-12 14:02:08,After 2015-05-26,1505.0,Volume Boundary
MCT-CA,CRITICAL,100.0,volume_boundary_violation,File created 1505 days BEFORE volume creation - IMPOSSIBLE,2011-04-12 14:01:05,After 2015-05-26,1505.0,Volume Boundary
MCT-GB,CRITICAL,100.0,volume_boundary_violation,File created 1505 days BEFORE volume creation - IMPOSSIBLE,2011-04-12 14:01:28,After 2015-05-26,1505.0,Volume Boundary
Link,CRITICAL,100.0,volume_boundary_violation,File created 1505 days BEFORE volume creation - IMPOSSIBLE,2011-04-12 14:01:49,After 2015-05-26,1505.0,Volume Boundary
MCT-US,CRITICAL,100.0,volume_boundary_violation,File created 1505 days BEFORE volume creation - IMPOSSIBLE,2011-04-12 14:01:49,After 2015-05-26,1505.0,Volume Boundary
MCT-ZA,CRITICAL,100.0,volume_boundary_violation,File created 1505 days BEFORE volume creation - IMPOSSIBLE,2011-04-12 14:02:08,After 2015-05-26,1505.0,Volume Boundary
Sorting,CRITICAL,100.0,volume_boundary_violation,File created 2142 days BEFORE volume creation - IMPOSSIBLE,2009-07-14 08:50:09,After 2015-05-26,2142.0,Volume Boundary
inf,CRITICAL,100.0,volume_boundary_violation,File created 2142 days BEFORE volume creation - IMPOSSIBLE,2009-07-14 08:50:10,After 2015-05-26,2142.0,Volume Boundary
0000,CRITICAL,100.0,volume_boundary_violation,File created 2142 days BEFORE volume creation - IMPOSSIBLE,2009-07-14 11:02:38,After 2015-05-26,2142.0,Volume Boundary
0409,CRITICAL,100.0,volume_boundary_violation,File created 2142 days BEFORE volume creation - IMPOSSIBLE,2009-07-14 08:50:10,After 2015-05-26,2142.0,Volume Boundary
.NET CLR Data,CRITICAL,100.0,volume_boundary_violation,File created 2142 days BEFORE volume creation - IMPOSSIBLE,2009-07-14 08:50:10,After 2015-05-26,2142.0,Volume Boundary
.NET CLR Networking,CRITICAL,100.0,volume_boundary_violation,File created 2142 days BEFORE volume creation - IMPOSSIBLE,2009-07-14 08:50:10,After 2015-05-26,2142.0,Volume Boundary
.NET Data Provider for Oracle,CRITICAL,100.0,volume_boundary_violation,File created 2142 days BEFORE volume creation - IMPOSSIBLE,2009-07-14 08:50:10,After 2015-05-26,2142.0,Volume Boundary
.NET Data Provider for SqlServer,CRITICAL,100.0,volume_boundary_violation,File created 2142 days BEFORE volume creation - IMPOSSIBLE,2009-07-14 08:50:10,After 2015-05-26,2142.0,Volume Boundary
.NETFramework,CRITICAL,100.0,volume_boundary_violation,File created 2142 days BEFORE volume creation - IMPOSSIBLE,2009-07-14 08:50:10,After 2015-05-26,2142.0,Volume Boundary
BITS,CRITICAL,100.0,volume_boundary_violation,File created 2142 days BEFORE volume creation - IMPOSSIBLE,2009-07-14 08:50:10,After 2015-05-26,2142.0,Volume Boundary
ESENT,CRITICAL,100.0,volume_boundary_violation,File created 2142 days BEFORE volume creation - IMPOSSIBLE,2009-07-14 08:50:10,After 2015-05-26,2142.0,Volume Boundary
MSDTC,CRITICAL,100.0,volume_boundary_violation,File created 2142 days BEFORE volume creation - IMPOSSIBLE,2009-07-14 08:50:11,After 2015-05-26,2142.0,Volume Boundary
MSDTC Bridge 3.0.0.0,CRITICAL,100.0,volume_boundary_violation,File created 2142 days BEFORE volume creation - IMPOSSIBLE,2009-07-14 11:02:38,After 2015-05-26,2142.0,Volume Boundary
PERFLIB,CRITICAL,100.0,volume_boundary_violation,File created 2142 days BEFORE volume creation - IMPOSSIBLE,2009-07-14 08:50:10,After 2015-05-26,2142.0,Volume Boundary
PNRPSvc,CRITICAL,100.0,volume_boundary_violation,File created 2142 days BEFORE volume creation - IMPOSSIBLE,2009-07-14 11:02:38,After 2015-05-26,2142.0,Volume Boundary
RemoteAccess,CRITICAL,100.0,volume_boundary_violation,File created 2142 days BEFORE volume creation - IMPOSSIBLE,2009-07-14 08:50:10,After 2015-05-26,2142.0,Volume Boundary
ServiceModelEndpoint 3.0.0.0,CRITICAL,100.0,volume_boundary_violation,File created 2142 days BEFORE volume creation - IMPOSSIBLE,2009-07-14 11:02:38,After 2015-05-26,2142.0,Volume Boundary
ServiceModelOperation 3.0.0.0,CRITICAL,100.0,volume_boundary_violation,File created 2142 days BEFORE volume creation - IMPOSSIBLE,2009-07-14 11:02:38,After 2015-05-26,2142.0,Volume Boundary
ServiceModelService 3.0.0.0,CRITICAL,100.0,volume_boundary_violation,File created 2142 days BEFORE volume creation - IMPOSSIBLE,2009-07-14 11:02:38,After 2015-05-26,2142.0,Volume Boundary
SMSvcHost 3.0.0.0,CRITICAL,100.0,volume_boundary_violation,File created 2142 days BEFORE volume creation - IMPOSSIBLE,2009-07-14 11:02:38,After 2015-05-26,2142.0,Volume Boundary
TAPISRV,CRITICAL,100.0,volume_boundary_violation,File created 2142 days BEFORE volume creation - IMPOSSIBLE,2009-07-14 08:50:10,After 2015-05-26,2142.0,Volume Boundary
TermService,CRITICAL,100.0,volume_boundary_violation,File created 2142 days BEFORE volume creation - IMPOSSIBLE,2009-07-14 08:50:10,After 2015-05-26,2142.0,Volume Boundary
UGatherer,CRITICAL,100.0,volume_boundary_violation,File created 2142 days BEFORE volume creation - IMPOSSIBLE,2009-07-14 11:02:38,After 2015-05-26,2142.0,Volume Boundary
UGTHRSVC,CRITICAL,100.0,volume_boundary_violation,File created 2142 days BEFORE volume creation - IMPOSSIBLE,2009-07-14 11:02:38,After 2015-05-26,2142.0,Volume Boundary
WmiApRpl,CRITICAL,100.0,volume_boundary_violation,File created 459 days BEFORE volume creation - IMPOSSIBLE,2014-02-20 20:08:19,After 2015-05-26,459.0,Volume Boundary
0009,CRITICAL,100.0,volume_boundary_violation,File created 459 days BEFORE volume creation - IMPOSSIBLE,2014-02-20 20:08:19,After 2015-05-26,459.0,Volume Boundary
usbhub,CRITICAL,100.0,volume_boundary_violation,File created 2142 days BEFORE volume creation - IMPOSSIBLE,2009-07-14 08:50:10,After 2015-05-26,2142.0,Volume Boundary
Windows Workflow Foundation 3.0.0.0,CRITICAL,100.0,volume_boundary_violation,File created 2142 days BEFORE volume creation - IMPOSSIBLE,2009-07-14 11:02:38,After 2015-05-26,2142.0,Volume Boundary
wsearchidxpi,CRITICAL,100.0,volume_boundary_violation,File created 2142 days BEFORE volume creation - IMPOSSIBLE,2009-07-14 11:02:38,After 2015-05-26,2142.0,Volume Boundary
Panther,CRITICAL,100.0,volume_boundary_violation,File created 486 days BEFORE volume creation - IMPOSSIBLE,2014-01-25 09:48:02,After 2015-05-26,486.0,Volume Boundary
rc0003,CRITICAL,100.0,volume_boundary_violation,File created 485 days BEFORE volume creation - IMPOSSIBLE,2014-01-25 21:55:31,After 2015-05-26,485.0,Volume Boundary
SelfUpdate,CRITICAL,100.0,volume_boundary_violation,File created 486 days BEFORE volume creation - IMPOSSIBLE,2014-01-25 09:52:09,After 2015-05-26,486.0,Volume Boundary
Handler,CRITICAL,100.0,volume_boundary_violation,File created 486 days BEFORE volume creation - IMPOSSIBLE,2014-01-25 09:52:11,After 2015-05-26,486.0,Volume Boundary
AdvancedInstallers,CRITICAL,100.0,volume_boundary_violation,File created 2142 days BEFORE volume creation - IMPOSSIBLE,2009-07-14 08:50:10,After 2015-05-26,2142.0,Volume Boundary
ar-SA,CRITICAL,100.0,volume_boundary_violation,File created 2142 days BEFORE volume creation - IMPOSSIBLE,2009-07-14 08:50:10,After 2015-05-26,2142.0,Volume Boundary
bg-BG,CRITICAL,100.0,volume_boundary_violation,File created 2142 days BEFORE volume creation - IMPOSSIBLE,2009-07-14 08:50:10,After 2015-05-26,2142.0,Volume Boundary
CodeIntegrity,CRITICAL,100.0,volume_boundary_violation,File created 2142 days BEFORE volume creation - IMPOSSIBLE,2009-07-14 08:50:10,After 2015-05-26,2142.0,Volume Boundary
com,CRITICAL,100.0,volume_boundary_violation,File created 2142 days BEFORE volume creation - IMPOSSIBLE,2009-07-14 08:50:10,After 2015-05-26,2142.0,Volume Boundary
dmp,CRITICAL,100.0,volume_boundary_violation,File created 2142 days BEFORE volume creation - IMPOSSIBLE,2009-07-14 08:50:10,After 2015-05-26,2142.0,Volume Boundary
bth.inf_amd64_neutral_ca26c6da62d71ca8,CRITICAL,100.0,volume_boundary_violation,File created 477 days BEFORE volume creation - IMPOSSIBLE,2014-02-03 17:30:48,After 2015-05-26,477.0,Volume Boundary
AIT,CRITICAL,100.0,volume_boundary_violation,File created 2142 days BEFORE volume creation - IMPOSSIBLE,2009-07-14 08:50:11,After 2015-05-26,2142.0,Volume Boundary
Fax,CRITICAL,100.0,volume_boundary_violation,File created 2142 days BEFORE volume creation - IMPOSSIBLE,2009-07-14 11:02:38,After 2015-05-26,2142.0,Volume Boundary
Incoming,CRITICAL,100.0,volume_boundary_violation,File created 2142 days BEFORE volume creation - IMPOSSIBLE,2009-07-14 11:02:38,After 2015-05-26,2142.0,Volume Boundary
Outgoing,CRITICAL,100.0,volume_boundary_violation,File created 2142 days BEFORE volume creation - IMPOSSIBLE,2009-07-14 11:02:38,After 2015-05-26,2142.0,Volume Boundary
Firewall,CRITICAL,100.0,volume_boundary_violation,File created 2142 days BEFORE volume creation - IMPOSSIBLE,2009-07-14 08:50:11,After 2015-05-26,2142.0,Volume Boundary
HTTPERR,CRITICAL,100.0,volume_boundary_violation,File created 486 days BEFORE volume creation - IMPOSSIBLE,2014-01-25 06:57:32,After 2015-05-26,486.0,Volume Boundary
Scm,CRITICAL,100.0,volume_boundary_violation,File created 2142 days BEFORE volume creation - IMPOSSIBLE,2009-07-14 10:15:39,After 2015-05-26,2142.0,Volume Boundary
SQM,CRITICAL,100.0,volume_boundary_violation,File created 2142 days BEFORE volume creation - IMPOSSIBLE,2009-07-14 10:19:38,After 2015-05-26,2142.0,Volume Boundary
Windows Portable Devices,CRITICAL,100.0,volume_boundary_violation,File created 2142 days BEFORE volume creation - IMPOSSIBLE,2009-07-14 11:02:38,After 2015-05-26,2142.0,Volume Boundary
WMI,CRITICAL,100.0,volume_boundary_violation,File created 2142 days BEFORE volume creation - IMPOSSIBLE,2009-07-14 08:50:11,After 2015-05-26,2142.0,Volume Boundary
RtBackup,CRITICAL,100.0,volume_boundary_violation,File created 2142 days BEFORE volume creation - IMPOSSIBLE,2009-07-14 08:50:11,After 2015-05-26,2142.0,Volume Boundary
WUDF,CRITICAL,100.0,volume_boundary_violation,File created 2142 days BEFORE volume creation - IMPOSSIBLE,2009-07-14 08:50:11,After 2015-05-26,2142.0,Volume Boundary
lt-LT,CRITICAL,100.0,volume_boundary_violation,File created 2142 days BEFORE volume creation - IMPOSSIBLE,2009-07-14 08:50:11,After 2015-05-26,2142.0,Volume Boundary
lv-LV,CRITICAL,100.0,volume_boundary_violation,File created 2142 days BEFORE volume creation - IMPOSSIBLE,2009-07-14 08:50:11,After 2015-05-26,2142.0,Volume Boundary
manifeststore,CRITICAL,100.0,volume_boundary_violation,File created 2142 days BEFORE volume creation - IMPOSSIBLE,2009-07-14 08:50:11,After 2015-05-26,2142.0,Volume Boundary
S-1-5-18,CRITICAL,100.0,volume_boundary_violation,File created 2142 days BEFORE volume creation - IMPOSSIBLE,2009-07-14 10:15:42,After 2015-05-26,2142.0,Volume Boundary
migration,CRITICAL,100.0,volume_boundary_violation,File created 2142 days BEFORE volume creation - IMPOSSIBLE,2009-07-14 08:50:11,After 2015-05-26,2142.0,Volume Boundary
WSMT,CRITICAL,100.0,volume_boundary_violation,File created 1647 days BEFORE volume creation - IMPOSSIBLE,2010-11-21 08:59:28,After 2015-05-26,1647.0,Volume Boundary
rras,CRITICAL,100.0,volume_boundary_violation,File created 1647 days BEFORE volume creation - IMPOSSIBLE,2010-11-21 08:59:28,After 2015-05-26,1647.0,Volume Boundary
dlmanifests,CRITICAL,100.0,volume_boundary_violation,File created 2142 days BEFORE volume creation - IMPOSSIBLE,2009-07-14 11:02:38,After 2015-05-26,2142.0,Volume Boundary
Microsoft-Windows-RasServer-MigPlugin,CRITICAL,100.0,volume_boundary_violation,File created 2142 days BEFORE volume creation - IMPOSSIBLE,2009-07-14 11:02:38,After 2015-05-26,2142.0,Volume Boundary
replacementmanifests,CRITICAL,100.0,volume_boundary_violation,File created 1647 days BEFORE volume creation - IMPOSSIBLE,2010-11-21 08:59:28,After 2015-05-26,1647.0,Volume Boundary
Microsoft-Windows-RasApi-MigPlugin,CRITICAL,100.0,volume_boundary_violation,File created 1647 days BEFORE volume creation - IMPOSSIBLE,2010-11-21 08:59:28,After 2015-05-26,1647.0,Volume Boundary
migwiz,CRITICAL,100.0,volume_boundary_violation,File created 2142 days BEFORE volume creation - IMPOSSIBLE,2009-07-14 08:50:11,After 2015-05-26,2142.0,Volume Boundary
Microsoft-Windows-DHCPServerMigPlugin-DL,CRITICAL,100.0,volume_boundary_violation,File created 2142 days BEFORE volume creation - IMPOSSIBLE,2009-07-14 11:02:38,After 2015-05-26,2142.0,Volume Boundary
BITSExtensions-Server,CRITICAL,100.0,volume_boundary_violation,File created 2142 days BEFORE volume creation - IMPOSSIBLE,2009-07-14 11:02:38,After 2015-05-26,2142.0,Volume Boundary
Microsoft-ActiveDirectory-WebServices-DL,CRITICAL,100.0,volume_boundary_violation,File created 2142 days BEFORE volume creation - IMPOSSIBLE,2009-07-14 11:02:38,After 2015-05-26,2142.0,Volume Boundary
Microsoft-Windows-ADFS-DL,CRITICAL,100.0,volume_boundary_violation,File created 2142 days BEFORE volume creation - IMPOSSIBLE,2009-07-14 11:02:38,After 2015-05-26,2142.0,Volume Boundary
Microsoft-Windows-Bluetooth-Config,CRITICAL,100.0,volume_boundary_violation,File created 2142 days BEFORE volume creation - IMPOSSIBLE,2009-07-14 11:02:38,After 2015-05-26,2142.0,Volume Boundary
Microsoft-Windows-COM-ComPlus-Setup-DL,CRITICAL,100.0,volume_boundary_violation,File created 2142 days BEFORE volume creation - IMPOSSIBLE,2009-07-14 11:02:38,After 2015-05-26,2142.0,Volume Boundary
Microsoft-Windows-COM-DTC-Setup-DL,CRITICAL,100.0,volume_boundary_violation,File created 2142 days BEFORE volume creation - IMPOSSIBLE,2009-07-14 11:02:38,After 2015-05-26,2142.0,Volume Boundary
Microsoft-Windows-MediaPlayer-DRM-DL,CRITICAL,100.0,volume_boundary_violation,File created 2142 days BEFORE volume creation - IMPOSSIBLE,2009-07-14 11:02:38,After 2015-05-26,2142.0,Volume Boundary
Microsoft-Windows-msmq-messagingcoreservice,CRITICAL,100.0,volume_boundary_violation,File created 2142 days BEFORE volume creation - IMPOSSIBLE,2009-07-14 11:02:38,After 2015-05-26,2142.0,Volume Boundary
Microsoft-Windows-NDIS,CRITICAL,100.0,volume_boundary_violation,File created 2142 days BEFORE volume creation - IMPOSSIBLE,2009-07-14 11:02:38,After 2015-05-26,2142.0,Volume Boundary
Microsoft-Windows-DirectoryServices-ADAM-DL,CRITICAL,100.0,volume_boundary_violation,File created 2142 days BEFORE volume creation - IMPOSSIBLE,2009-07-14 11:02:38,After 2015-05-26,2142.0,Volume Boundary
Microsoft-Windows-IasServer-MigPlugin,CRITICAL,100.0,volume_boundary_violation,File created 2142 days BEFORE volume creation - IMPOSSIBLE,2009-07-14 11:02:38,After 2015-05-26,2142.0,Volume Boundary
Microsoft-Windows-IE-ESC,CRITICAL,100.0,volume_boundary_violation,File created 2142 days BEFORE volume creation - IMPOSSIBLE,2009-07-14 11:02:38,After 2015-05-26,2142.0,Volume Boundary
Microsoft-Windows-IIS-DL,CRITICAL,100.0,volume_boundary_violation,File created 2142 days BEFORE volume creation - IMPOSSIBLE,2009-07-14 11:02:38,After 2015-05-26,2142.0,Volume Boundary
Microsoft-Windows-International-Core-DL,CRITICAL,100.0,volume_boundary_violation,File created 2142 days BEFORE volume creation - IMPOSSIBLE,2009-07-14 11:02:38,After 2015-05-26,2142.0,Volume Boundary
Microsoft-Windows-MediaPlayer,CRITICAL,100.0,volume_boundary_violation,File created 2142 days BEFORE volume creation - IMPOSSIBLE,2009-07-14 11:02:38,After 2015-05-26,2142.0,Volume Boundary
Microsoft-Windows-NetworkBridge,CRITICAL,100.0,volume_boundary_violation,File created 2142 days BEFORE volume creation - IMPOSSIBLE,2009-07-14 11:02:38,After 2015-05-26,2142.0,Volume Boundary
Microsoft-Windows-NetworkLoadBalancing-Core,CRITICAL,100.0,volume_boundary_violation,File created 2142 days BEFORE volume creation - IMPOSSIBLE,2009-07-14 11:02:38,After 2015-05-26,2142.0,Volume Boundary
Microsoft-Windows-OfflineFiles-DL,CRITICAL,100.0,volume_boundary_violation,File created 2142 days BEFORE volume creation - IMPOSSIBLE,2009-07-14 11:02:38,After 2015-05-26,2142.0,Volume Boundary
Microsoft-Windows-PerformanceCounterInfrastructure-DL,CRITICAL,100.0,volume_boundary_violation,File created 2142 days BEFORE volume creation - IMPOSSIBLE,2009-07-14 11:02:38,After 2015-05-26,2142.0,Volume Boundary
Microsoft-Windows-RasApi,CRITICAL,100.0,volume_boundary_violation,File created 2142 days BEFORE volume creation - IMPOSSIBLE,2009-07-14 11:02:38,After 2015-05-26,2142.0,Volume Boundary
Microsoft-Windows-RasConnectionManager,CRITICAL,100.0,volume_boundary_violation,File created 2142 days BEFORE volume creation - IMPOSSIBLE,2009-07-14 11:02:38,After 2015-05-26,2142.0,Volume Boundary
Microsoft-Windows-shmig-DL,CRITICAL,100.0,volume_boundary_violation,File created 2142 days BEFORE volume creation - IMPOSSIBLE,2009-07-14 11:02:38,After 2015-05-26,2142.0,Volume Boundary
Microsoft-Windows-StorageMigration,CRITICAL,100.0,volume_boundary_violation,File created 2142 days BEFORE volume creation - IMPOSSIBLE,2009-07-14 11:02:38,After 2015-05-26,2142.0,Volume Boundary
Microsoft-Windows-Sxs,CRITICAL,100.0,volume_boundary_violation,File created 2142 days BEFORE volume creation - IMPOSSIBLE,2009-07-14 11:02:38,After 2015-05-26,2142.0,Volume Boundary
Microsoft-Windows-TapiSetup,CRITICAL,100.0,volume_boundary_violation,File created 2142 days BEFORE volume creation - IMPOSSIBLE,2009-07-14 11:02:38,After 2015-05-26,2142.0,Volume Boundary
Microsoft-Windows-WMI-Core,CRITICAL,100.0,volume_boundary_violation,File created 2142 days BEFORE volume creation - IMPOSSIBLE,2009-07-14 11:02:38,After 2015-05-26,2142.0,Volume Boundary
PostMigRes,CRITICAL,100.0,volume_boundary_violation,File created 2142 days BEFORE volume creation - IMPOSSIBLE,2009-07-14 11:02:38,After 2015-05-26,2142.0,Volume Boundary
data,CRITICAL,100.0,volume_boundary_violation,File created 2142 days BEFORE volume creation - IMPOSSIBLE,2009-07-14 11:02:38,After 2015-05-26,2142.0,Volume Boundary
Web,CRITICAL,100.0,volume_boundary_violation,File created 2142 days BEFORE volume creation - IMPOSSIBLE,2009-07-14 11:02:38,After 2015-05-26,2142.0,Volume Boundary
base_images,CRITICAL,100.0,volume_boundary_violation,File created 2142 days BEFORE volume creation - IMPOSSIBLE,2009-07-14 11:02:38,After 2015-05-26,2142.0,Volume Boundary
Trace,CRITICAL,100.0,volume_boundary_violation,File created 2142 days BEFORE volume creation - IMPOSSIBLE,2009-07-14 08:50:11,After 2015-05-26,2142.0,Volume Boundary
MUI,CRITICAL,100.0,volume_boundary_violation,File created 2142 days BEFORE volume creation - IMPOSSIBLE,2009-07-14 08:50:10,After 2015-05-26,2142.0,Volume Boundary
dispspec,CRITICAL,100.0,volume_boundary_violation,File created 1505 days BEFORE volume creation - IMPOSSIBLE,2011-04-12 13:47:51,After 2015-05-26,1505.0,Volume Boundary
NetworkList,CRITICAL,100.0,volume_boundary_violation,File created 2142 days BEFORE volume creation - IMPOSSIBLE,2009-07-14 08:50:11,After 2015-05-26,2142.0,Volume Boundary
Icons,CRITICAL,100.0,volume_boundary_violation,File created 2142 days BEFORE volume creation - IMPOSSIBLE,2009-07-14 08:50:11,After 2015-05-26,2142.0,Volume Boundary
Printing_Admin_Scripts,CRITICAL,100.0,volume_boundary_violation,File created 1505 days BEFORE volume creation - IMPOSSIBLE,2011-04-12 13:47:51,After 2015-05-26,1505.0,Volume Boundary
Microsoft Antimalware,CRITICAL,100.0,volume_boundary_violation,File created 485 days BEFORE volume creation - IMPOSSIBLE,2014-01-25 20:16:01,After 2015-05-26,485.0,Volume Boundary
Windows Activation Technologies,CRITICAL,100.0,volume_boundary_violation,File created 485 days BEFORE volume creation - IMPOSSIBLE,2014-01-25 19:20:42,After 2015-05-26,485.0,Volume Boundary
Wat,CRITICAL,100.0,volume_boundary_violation,File created 485 days BEFORE volume creation - IMPOSSIBLE,2014-01-25 19:20:33,After 2015-05-26,485.0,Volume Boundary
{67144949-5132-4859-8036-a737b43825d8},CRITICAL,100.0,volume_boundary_violation,File created 481 days BEFORE volume creation - IMPOSSIBLE,2014-01-29 17:58:58,After 2015-05-26,481.0,Volume Boundary
{47c13454-770c-4cff-8886-3deb7d41f213},CRITICAL,100.0,volume_boundary_violation,File created 475 days BEFORE volume creation - IMPOSSIBLE,2014-02-04 19:42:46,After 2015-05-26,475.0,Volume Boundary
{71675485-0510-44fa-8832-3c9c44165b1b},CRITICAL,100.0,volume_boundary_violation,File created 476 days BEFORE volume creation - IMPOSSIBLE,2014-02-03 17:33:14,After 2015-05-26,476.0,Volume Boundary
{ab95a44b-64ea-48e7-a670-aba30a3da8f0},CRITICAL,100.0,volume_boundary_violation,File created 474 days BEFORE volume creation - IMPOSSIBLE,2014-02-05 19:01:40,After 2015-05-26,474.0,Volume Boundary
{f1451526-42ac-4da1-a3c8-2a0bf0c10316},CRITICAL,100.0,volume_boundary_violation,File created 481 days BEFORE volume creation - IMPOSSIBLE,2014-01-29 17:58:58,After 2015-05-26,481.0,Volume Boundary
{7a6d634e-9568-4c27-9fc2-492c89dc3aa5},CRITICAL,100.0,volume_boundary_violation,File created 473 days BEFORE volume creation - IMPOSSIBLE,2014-02-07 00:26:15,After 2015-05-26,473.0,Volume Boundary
{9c2df910-38ab-46e6-921c-82f8ef044088},CRITICAL,100.0,volume_boundary_violation,File created 485 days BEFORE volume creation - IMPOSSIBLE,2014-01-25 20:57:23,After 2015-05-26,485.0,Volume Boundary
{e65c93c1-d66b-4b65-9e18-4a7ab1535aac},CRITICAL,100.0,volume_boundary_violation,File created 485 days BEFORE volume creation - IMPOSSIBLE,2014-01-25 19:04:10,After 2015-05-26,485.0,Volume Boundary
{ec897690-2e8d-4d4e-8da2-6942ee510be3},CRITICAL,100.0,volume_boundary_violation,File created 485 days BEFORE volume creation - IMPOSSIBLE,2014-01-25 19:25:07,After 2015-05-26,485.0,Volume Boundary
TraceFormat,CRITICAL,100.0,volume_boundary_violation,File created 2142 days BEFORE volume creation - IMPOSSIBLE,2009-07-14 08:50:14,After 2015-05-26,2142.0,Volume Boundary
amd64_microsoft-windows-s..ivationtechnologies_31bf3856ad364e35_7.1.7600.16395_none_89cb1e5f7a64822b,CRITICAL,100.0,volume_boundary_violation,File created 485 days BEFORE volume creation - IMPOSSIBLE,2014-01-25 19:20:30,After 2015-05-26,485.0,Volume Boundary
amd64_microsoft-windows-s..ologies-webcontrols_31bf3856ad364e35_7.1.7600.16395_none_95daa0f1ebf1e62a,CRITICAL,100.0,volume_boundary_violation,File created 485 days BEFORE volume creation - IMPOSSIBLE,2014-01-25 19:20:30,After 2015-05-26,485.0,Volume Boundary
amd64_wcf-m_svc_mon_sup_dll_31bf3856ad364e35_6.1.7601.17966_none_03d0034c6264a81d,CRITICAL,100.0,volume_boundary_violation,File created 485 days BEFORE volume creation - IMPOSSIBLE,2014-01-25 19:21:02,After 2015-05-26,485.0,Volume Boundary
amd64_wcf-m_svc_mon_sup_dll_31bf3856ad364e35_6.1.7601.22126_none_0484b7e97b620b65,CRITICAL,100.0,volume_boundary_violation,File created 485 days BEFORE volume creation - IMPOSSIBLE,2014-01-25 19:21:02,After 2015-05-26,485.0,Volume Boundary
amd64_wcf-smdiagnostics_b03f5f7f11d50a3a_6.1.7601.17966_none_f5f1c1b0c068c029,CRITICAL,100.0,volume_boundary_violation,File created 485 days BEFORE volume creation - IMPOSSIBLE,2014-01-25 19:21:02,After 2015-05-26,485.0,Volume Boundary
amd64_wcf-smdiagnostics_b03f5f7f11d50a3a_6.1.7601.22126_none_df201cf2da13b521,CRITICAL,100.0,volume_boundary_violation,File created 485 days BEFORE volume creation - IMPOSSIBLE,2014-01-25 19:21:02,After 2015-05-26,485.0,Volume Boundary
amd64_wcf-smsvchost_b03f5f7f11d50a3a_6.1.7601.22126_none_b0f9770f24c56a09,CRITICAL,100.0,volume_boundary_violation,File created 485 days BEFORE volume creation - IMPOSSIBLE,2014-01-25 19:21:02,After 2015-05-26,485.0,Volume Boundary
amd64_wcf-system.identitymodel_b03f5f7f11d50a3a_6.1.7601.17966_none_b25c58b1e8a11e8d,CRITICAL,100.0,volume_boundary_violation,File created 485 days BEFORE volume creation - IMPOSSIBLE,2014-01-25 19:21:02,After 2015-05-26,485.0,Volume Boundary
amd64_wcf-system.identitymodel_b03f5f7f11d50a3a_6.1.7601.22126_none_9b8ab3f4024c1385,CRITICAL,100.0,volume_boundary_violation,File created 485 days BEFORE volume creation - IMPOSSIBLE,2014-01-25 19:21:02,After 2015-05-26,485.0,Volume Boundary
amd64_wcf-system.runtime.serialization.ref_b03f5f7f11d50a3a_6.1.7601.17966_none_591d933074dfaa5b,CRITICAL,100.0,volume_boundary_violation,File created 485 days BEFORE volume creation - IMPOSSIBLE,2014-01-25 19:21:02,After 2015-05-26,485.0,Volume Boundary
amd64_wcf-system.runtime.serialization.ref_b03f5f7f11d50a3a_6.1.7601.22126_none_424bee728e8a9f53,CRITICAL,100.0,volume_boundary_violation,File created 485 days BEFORE volume creation - IMPOSSIBLE,2014-01-25 19:21:02,After 2015-05-26,485.0,Volume Boundary
msil_smdiagnostics_b77a5c561934e089_6.1.7601.17966_none_72f383536ca13e1f,CRITICAL,100.0,volume_boundary_violation,File created 485 days BEFORE volume creation - IMPOSSIBLE,2014-01-25 19:21:02,After 2015-05-26,485.0,Volume Boundary
msil_smdiagnostics_b77a5c561934e089_6.1.7601.22126_none_5c21de95864c3317,CRITICAL,100.0,volume_boundary_violation,File created 485 days BEFORE volume creation - IMPOSSIBLE,2014-01-25 19:21:02,After 2015-05-26,485.0,Volume Boundary
msil_smsvchost_b03f5f7f11d50a3a_6.1.7601.22126_none_cfe951512abbbbcf,CRITICAL,100.0,volume_boundary_violation,File created 485 days BEFORE volume creation - IMPOSSIBLE,2014-01-25 19:21:02,After 2015-05-26,485.0,Volume Boundary
msil_system.runtime.serialization_b77a5c561934e089_6.1.7601.22126_none_bff58646b62828b0,CRITICAL,100.0,volume_boundary_violation,File created 485 days BEFORE volume creation - IMPOSSIBLE,2014-01-25 19:21:02,After 2015-05-26,485.0,Volume Boundary
msil_system.servicemodel.ref_b77a5c561934e089_6.1.7601.17966_none_40c70160cf530bfb,CRITICAL,100.0,volume_boundary_violation,File created 485 days BEFORE volume creation - IMPOSSIBLE,2014-01-25 19:21:02,After 2015-05-26,485.0,Volume Boundary
msil_system.servicemodel.ref_b77a5c561934e089_6.1.7601.22126_none_29f55ca2e8fe00f3,CRITICAL,100.0,volume_boundary_violation,File created 485 days BEFORE volume creation - IMPOSSIBLE,2014-01-25 19:21:02,After 2015-05-26,485.0,Volume Boundary
amd64_wcf-system.runtime.serialization_b03f5f7f11d50a3a_6.1.7601.22126_none_7d22fb3ce28299ec,CRITICAL,100.0,volume_boundary_violation,File created 485 days BEFORE volume creation - IMPOSSIBLE,2014-01-25 19:21:02,After 2015-05-26,485.0,Volume Boundary
amd64_wcf-system.servicemodel.ref_b03f5f7f11d50a3a_6.1.7601.17966_none_758f8c5719f534db,CRITICAL,100.0,volume_boundary_violation,File created 485 days BEFORE volume creation - IMPOSSIBLE,2014-01-25 19:21:02,After 2015-05-26,485.0,Volume Boundary
amd64_wcf-system.servicemodel.ref_b03f5f7f11d50a3a_6.1.7601.22126_none_5ebde79933a029d3,CRITICAL,100.0,volume_boundary_violation,File created 485 days BEFORE volume creation - IMPOSSIBLE,2014-01-25 19:21:02,After 2015-05-26,485.0,Volume Boundary
amd64_wcf-system.servicemodel.washosting_b03f5f7f11d50a3a_6.1.7601.17966_none_0245ffb946f62cb9,CRITICAL,100.0,volume_boundary_violation,File created 485 days BEFORE volume creation - IMPOSSIBLE,2014-01-25 19:21:02,After 2015-05-26,485.0,Volume Boundary
amd64_wcf-system.servicemodel.washosting_b03f5f7f11d50a3a_6.1.7601.22126_none_eb745afb60a121b1,CRITICAL,100.0,volume_boundary_violation,File created 485 days BEFORE volume creation - IMPOSSIBLE,2014-01-25 19:21:02,After 2015-05-26,485.0,Volume Boundary
amd64_wcf-system.servicemodel_b03f5f7f11d50a3a_6.1.7601.17966_none_a1acafe6939762a6,CRITICAL,100.0,volume_boundary_violation,File created 485 days BEFORE volume creation - IMPOSSIBLE,2014-01-25 19:21:01,After 2015-05-26,485.0,Volume Boundary
msil_system.servicemodel.washosting_b77a5c561934e089_6.1.7601.22126_none_7b9e9d4db7a8a21d,CRITICAL,100.0,volume_boundary_violation,File created 485 days BEFORE volume creation - IMPOSSIBLE,2014-01-25 19:21:02,After 2015-05-26,485.0,Volume Boundary
msil_system.servicemodel_b77a5c561934e089_6.1.7601.17966_none_794b7f2d474484f4,CRITICAL,100.0,volume_boundary_violation,File created 485 days BEFORE volume creation - IMPOSSIBLE,2014-01-25 19:21:02,After 2015-05-26,485.0,Volume Boundary
msil_system.servicemodel_b77a5c561934e089_6.1.7601.22126_none_6279da6f60ef79ec,CRITICAL,100.0,volume_boundary_violation,File created 485 days BEFORE volume creation - IMPOSSIBLE,2014-01-25 19:21:02,After 2015-05-26,485.0,Volume Boundary
x86_wcf-system.identitymodel_b03f5f7f11d50a3a_6.1.7601.22126_none_e337eacb16c83c8b,CRITICAL,100.0,volume_boundary_violation,File created 485 days BEFORE volume creation - IMPOSSIBLE,2014-01-25 19:21:02,After 2015-05-26,485.0,Volume Boundary
x86_wcf-system.runtime.serialization_b03f5f7f11d50a3a_6.1.7601.17966_none_dba1d6d1dd53cdfa,CRITICAL,100.0,volume_boundary_violation,File created 485 days BEFORE volume creation - IMPOSSIBLE,2014-01-25 19:21:02,After 2015-05-26,485.0,Volume Boundary
x86_wcf-system.runtime.serialization_b03f5f7f11d50a3a_6.1.7601.22126_none_c4d03213f6fec2f2,CRITICAL,100.0,volume_boundary_violation,File created 485 days BEFORE volume creation - IMPOSSIBLE,2014-01-25 19:21:02,After 2015-05-26,485.0,Volume Boundary
x86_wcf-system.servicemodel_b03f5f7f11d50a3a_6.1.7601.17966_none_e959e6bda8138bac,CRITICAL,100.0,volume_boundary_violation,File created 485 days BEFORE volume creation - IMPOSSIBLE,2014-01-25 19:21:02,After 2015-05-26,485.0,Volume Boundary
x86_wcf-system.servicemodel_b03f5f7f11d50a3a_6.1.7601.22126_none_d28841ffc1be80a4,CRITICAL,100.0,volume_boundary_violation,File created 485 days BEFORE volume creation - IMPOSSIBLE,2014-01-25 19:21:02,After 2015-05-26,485.0,Volume Boundary
amd64_wcf-system.runtime.serialization_b03f5f7f11d50a3a_6.1.7601.17966_none_93f49ffac8d7a4f4,CRITICAL,100.0,volume_boundary_violation,File created 485 days BEFORE volume creation - IMPOSSIBLE,2014-01-25 19:21:02,After 2015-05-26,485.0,Volume Boundary
amd64_wcf-system.servicemodel_b03f5f7f11d50a3a_6.1.7601.22126_none_8adb0b28ad42579e,CRITICAL,100.0,volume_boundary_violation,File created 485 days BEFORE volume creation - IMPOSSIBLE,2014-01-25 19:21:01,After 2015-05-26,485.0,Volume Boundary
msil_system.identitymodel_b77a5c561934e089_6.1.7601.17966_none_f1bb9e0f00ad93d1,CRITICAL,100.0,volume_boundary_violation,File created 485 days BEFORE volume creation - IMPOSSIBLE,2014-01-25 19:21:02,After 2015-05-26,485.0,Volume Boundary
msil_system.servicemodel.washosting_b77a5c561934e089_6.1.7601.17966_none_9270420b9dfdad25,CRITICAL,100.0,volume_boundary_violation,File created 485 days BEFORE volume creation - IMPOSSIBLE,2014-01-25 19:21:02,After 2015-05-26,485.0,Volume Boundary
msil_system.identitymodel_b77a5c561934e089_6.1.7601.22126_none_dae9f9511a5888c9,CRITICAL,100.0,volume_boundary_violation,File created 485 days BEFORE volume creation - IMPOSSIBLE,2014-01-25 19:21:02,After 2015-05-26,485.0,Volume Boundary
msil_system.runtime.serialization.ref_b77a5c561934e089_6.1.7601.17966_none_a683f56a74d63285,CRITICAL,100.0,volume_boundary_violation,File created 485 days BEFORE volume creation - IMPOSSIBLE,2014-01-25 19:21:02,After 2015-05-26,485.0,Volume Boundary
msil_system.runtime.serialization.ref_b77a5c561934e089_6.1.7601.22126_none_8fb250ac8e81277d,CRITICAL,100.0,volume_boundary_violation,File created 485 days BEFORE volume creation - IMPOSSIBLE,2014-01-25 19:21:02,After 2015-05-26,485.0,Volume Boundary
msil_system.runtime.serialization_b77a5c561934e089_6.1.7601.17966_none_d6c72b049c7d33b8,CRITICAL,100.0,volume_boundary_violation,File created 485 days BEFORE volume creation - IMPOSSIBLE,2014-01-25 19:21:02,After 2015-05-26,485.0,Volume Boundary
x86_wcf-m_svc_mon_sup_dll_31bf3856ad364e35_6.1.7601.17966_none_a7b167c8aa0736e7,CRITICAL,100.0,volume_boundary_violation,File created 485 days BEFORE volume creation - IMPOSSIBLE,2014-01-25 19:21:02,After 2015-05-26,485.0,Volume Boundary
x86_wcf-m_svc_mon_sup_dll_31bf3856ad364e35_6.1.7601.22126_none_a8661c65c3049a2f,CRITICAL,100.0,volume_boundary_violation,File created 485 days BEFORE volume creation - IMPOSSIBLE,2014-01-25 19:21:02,After 2015-05-26,485.0,Volume Boundary
x86_wcf-system.identitymodel_b03f5f7f11d50a3a_6.1.7601.17966_none_fa098f88fd1d4793,CRITICAL,100.0,volume_boundary_violation,File created 485 days BEFORE volume creation - IMPOSSIBLE,2014-01-25 19:21:02,After 2015-05-26,485.0,Volume Boundary
Help,CRITICAL,100.0,volume_boundary_violation,File created 2142 days BEFORE volume creation - IMPOSSIBLE,2009-07-14 08:50:10,After 2015-05-26,2142.0,Volume Boundary
Corporate,CRITICAL,100.0,volume_boundary_violation,File created 2142 days BEFORE volume creation - IMPOSSIBLE,2009-07-14 08:50:09,After 2015-05-26,2142.0,Volume Boundary
OEM,CRITICAL,100.0,volume_boundary_violation,File created 2142 days BEFORE volume creation - IMPOSSIBLE,2009-07-14 08:50:09,After 2015-05-26,2142.0,Volume Boundary
IME,CRITICAL,100.0,volume_boundary_violation,File created 2142 days BEFORE volume creation - IMPOSSIBLE,2009-07-14 08:50:09,After 2015-05-26,2142.0,Volume Boundary
IMEJP10,CRITICAL,100.0,volume_boundary_violation,File created 2142 days BEFORE volume creation - IMPOSSIBLE,2009-07-14 08:50:09,After 2015-05-26,2142.0,Volume Boundary
DICTS,CRITICAL,100.0,volume_boundary_violation,File created 2142 days BEFORE volume creation - IMPOSSIBLE,2009-07-14 08:50:09,After 2015-05-26,2142.0,Volume Boundary
imekr8,CRITICAL,100.0,volume_boundary_violation,File created 2142 days BEFORE volume creation - IMPOSSIBLE,2009-07-14 08:50:09,After 2015-05-26,2142.0,Volume Boundary
IMESC5,CRITICAL,100.0,volume_boundary_violation,File created 2142 days BEFORE volume creation - IMPOSSIBLE,2009-07-14 08:50:09,After 2015-05-26,2142.0,Volume Boundary
IMETC10,CRITICAL,100.0,volume_boundary_violation,File created 2142 days BEFORE volume creation - IMPOSSIBLE,2009-07-14 08:50:09,After 2015-05-26,2142.0,Volume Boundary
L2Schemas,CRITICAL,100.0,volume_boundary_violation,File created 2142 days BEFORE volume creation - IMPOSSIBLE,2009-07-14 08:50:10,After 2015-05-26,2142.0,Volume Boundary
LiveKernelReports,CRITICAL,100.0,volume_boundary_violation,File created 2142 days BEFORE volume creation - IMPOSSIBLE,2009-07-14 08:50:10,After 2015-05-26,2142.0,Volume Boundary
CBS,CRITICAL,100.0,volume_boundary_violation,File created 2142 days BEFORE volume creation - IMPOSSIBLE,2009-07-14 08:50:10,After 2015-05-26,2142.0,Volume Boundary
Media,CRITICAL,100.0,volume_boundary_violation,File created 2142 days BEFORE volume creation - IMPOSSIBLE,2009-07-14 08:50:10,After 2015-05-26,2142.0,Volume Boundary
Afternoon,CRITICAL,100.0,volume_boundary_violation,File created 2142 days BEFORE volume creation - IMPOSSIBLE,2009-07-14 08:50:10,After 2015-05-26,2142.0,Volume Boundary
Calligraphy,CRITICAL,100.0,volume_boundary_violation,File created 2142 days BEFORE volume creation - IMPOSSIBLE,2009-07-14 08:50:10,After 2015-05-26,2142.0,Volume Boundary
Characters,CRITICAL,100.0,volume_boundary_violation,File created 2142 days BEFORE volume creation - IMPOSSIBLE,2009-07-14 08:50:10,After 2015-05-26,2142.0,Volume Boundary
Cityscape,CRITICAL,100.0,volume_boundary_violation,File created 2142 days BEFORE volume creation - IMPOSSIBLE,2009-07-14 08:50:10,After 2015-05-26,2142.0,Volume Boundary
Delta,CRITICAL,100.0,volume_boundary_violation,File created 2142 days BEFORE volume creation - IMPOSSIBLE,2009-07-14 08:50:10,After 2015-05-26,2142.0,Volume Boundary
Festival,CRITICAL,100.0,volume_boundary_violation,File created 2142 days BEFORE volume creation - IMPOSSIBLE,2009-07-14 08:50:10,After 2015-05-26,2142.0,Volume Boundary
Garden,CRITICAL,100.0,volume_boundary_violation,File created 2142 days BEFORE volume creation - IMPOSSIBLE,2009-07-14 08:50:10,After 2015-05-26,2142.0,Volume Boundary
Heritage,CRITICAL,100.0,volume_boundary_violation,File created 2142 days BEFORE volume creation - IMPOSSIBLE,2009-07-14 11:02:38,After 2015-05-26,2142.0,Volume Boundary
Landscape,CRITICAL,100.0,volume_boundary_violation,File created 2142 days BEFORE volume creation - IMPOSSIBLE,2009-07-14 08:50:10,After 2015-05-26,2142.0,Volume Boundary
Quirky,CRITICAL,100.0,volume_boundary_violation,File created 2142 days BEFORE volume creation - IMPOSSIBLE,2009-07-14 08:50:10,After 2015-05-26,2142.0,Volume Boundary
Raga,CRITICAL,100.0,volume_boundary_violation,File created 2142 days BEFORE volume creation - IMPOSSIBLE,2009-07-14 08:50:10,After 2015-05-26,2142.0,Volume Boundary
Savanna,CRITICAL,100.0,volume_boundary_violation,File created 2142 days BEFORE volume creation - IMPOSSIBLE,2009-07-14 08:50:10,After 2015-05-26,2142.0,Volume Boundary
Sonata,CRITICAL,100.0,volume_boundary_violation,File created 2142 days BEFORE volume creation - IMPOSSIBLE,2009-07-14 08:50:10,After 2015-05-26,2142.0,Volume Boundary
Microsoft.NET,CRITICAL,100.0,volume_boundary_violation,File created 2142 days BEFORE volume creation - IMPOSSIBLE,2009-07-14 08:50:10,After 2015-05-26,2142.0,Volume Boundary
authman,CRITICAL,100.0,volume_boundary_violation,File created 2142 days BEFORE volume creation - IMPOSSIBLE,2009-07-14 08:50:10,After 2015-05-26,2142.0,Volume Boundary
Framework,CRITICAL,100.0,volume_boundary_violation,File created 2142 days BEFORE volume creation - IMPOSSIBLE,2009-07-14 08:50:10,After 2015-05-26,2142.0,Volume Boundary
v1.0.3705,CRITICAL,100.0,volume_boundary_violation,File created 2142 days BEFORE volume creation - IMPOSSIBLE,2009-07-14 08:50:10,After 2015-05-26,2142.0,Volume Boundary
v1.1.4322,CRITICAL,100.0,volume_boundary_violation,File created 2142 days BEFORE volume creation - IMPOSSIBLE,2009-07-14 08:50:10,After 2015-05-26,2142.0,Volume Boundary
v2.0.50727,CRITICAL,100.0,volume_boundary_violation,File created 2142 days BEFORE volume creation - IMPOSSIBLE,2009-07-14 08:50:10,After 2015-05-26,2142.0,Volume Boundary
ASP.NETWebAdminFiles,CRITICAL,100.0,volume_boundary_violation,File created 2142 days BEFORE volume creation - IMPOSSIBLE,2009-07-14 08:50:10,After 2015-05-26,2142.0,Volume Boundary
AppConfig,CRITICAL,100.0,volume_boundary_violation,File created 2142 days BEFORE volume creation - IMPOSSIBLE,2009-07-14 08:50:10,After 2015-05-26,2142.0,Volume Boundary
App_LocalResources,CRITICAL,100.0,volume_boundary_violation,File created 2142 days BEFORE volume creation - IMPOSSIBLE,2009-07-14 08:50:10,After 2015-05-26,2142.0,Volume Boundary
App_GlobalResources,CRITICAL,100.0,volume_boundary_violation,File created 2142 days BEFORE volume creation - IMPOSSIBLE,2009-07-14 08:50:10,After 2015-05-26,2142.0,Volume Boundary
Providers,CRITICAL,100.0,volume_boundary_violation,File created 2142 days BEFORE volume creation - IMPOSSIBLE,2009-07-14 08:50:10,After 2015-05-26,2142.0,Volume Boundary
Permissions,CRITICAL,100.0,volume_boundary_violation,File created 2142 days BEFORE volume creation - IMPOSSIBLE,2009-07-14 08:50:10,After 2015-05-26,2142.0,Volume Boundary
Roles,CRITICAL,100.0,volume_boundary_violation,File created 2142 days BEFORE volume creation - IMPOSSIBLE,2009-07-14 08:50:10,After 2015-05-26,2142.0,Volume Boundary
Wizard,CRITICAL,100.0,volume_boundary_violation,File created 2142 days BEFORE volume creation - IMPOSSIBLE,2009-07-14 08:50:10,After 2015-05-26,2142.0,Volume Boundary
Browsers,CRITICAL,100.0,volume_boundary_violation,File created 2142 days BEFORE volume creation - IMPOSSIBLE,2009-07-14 08:50:10,After 2015-05-26,2142.0,Volume Boundary
MSBuild,CRITICAL,100.0,volume_boundary_violation,File created 2142 days BEFORE volume creation - IMPOSSIBLE,2009-07-14 08:50:10,After 2015-05-26,2142.0,Volume Boundary
RedistList,CRITICAL,100.0,volume_boundary_violation,File created 2142 days BEFORE volume creation - IMPOSSIBLE,2009-07-14 08:50:10,After 2015-05-26,2142.0,Volume Boundary
System.Printing,CRITICAL,100.0,volume_boundary_violation,File created 1647 days BEFORE volume creation - IMPOSSIBLE,2010-11-21 09:22:52,After 2015-05-26,1647.0,Volume Boundary
3.0.0.0__31bf3856ad364e35,CRITICAL,100.0,volume_boundary_violation,File created 2142 days BEFORE volume creation - IMPOSSIBLE,2009-07-14 11:02:41,After 2015-05-26,2142.0,Volume Boundary
System.Transactions,CRITICAL,100.0,volume_boundary_violation,File created 1647 days BEFORE volume creation - IMPOSSIBLE,2010-11-21 09:23:05,After 2015-05-26,1647.0,Volume Boundary
2.0.0.0__b77a5c561934e089,CRITICAL,100.0,volume_boundary_violation,File created 2142 days BEFORE volume creation - IMPOSSIBLE,2009-07-14 08:50:09,After 2015-05-26,2142.0,Volume Boundary
System.Web,CRITICAL,100.0,volume_boundary_violation,File created 485 days BEFORE volume creation - IMPOSSIBLE,2014-01-25 19:24:47,After 2015-05-26,485.0,Volume Boundary
2.0.0.0__b03f5f7f11d50a3a,CRITICAL,100.0,volume_boundary_violation,File created 2142 days BEFORE volume creation - IMPOSSIBLE,2009-07-14 08:50:09,After 2015-05-26,2142.0,Volume Boundary
GAC_MSIL,CRITICAL,100.0,volume_boundary_violation,File created 2142 days BEFORE volume creation - IMPOSSIBLE,2009-07-14 08:50:09,After 2015-05-26,2142.0,Volume Boundary
ComSvcConfig,CRITICAL,100.0,volume_boundary_violation,File created 485 days BEFORE volume creation - IMPOSSIBLE,2014-01-25 19:43:13,After 2015-05-26,485.0,Volume Boundary
3.0.0.0__b03f5f7f11d50a3a,CRITICAL,100.0,volume_boundary_violation,File created 2142 days BEFORE volume creation - IMPOSSIBLE,2009-07-14 11:02:41,After 2015-05-26,2142.0,Volume Boundary
cscompmgd,CRITICAL,100.0,volume_boundary_violation,File created 2142 days BEFORE volume creation - IMPOSSIBLE,2009-07-14 08:50:09,After 2015-05-26,2142.0,Volume Boundary
8.0.0.0__b03f5f7f11d50a3a,CRITICAL,100.0,volume_boundary_violation,File created 2142 days BEFORE volume creation - IMPOSSIBLE,2009-07-14 08:50:09,After 2015-05-26,2142.0,Volume Boundary
dfsvc,CRITICAL,100.0,volume_boundary_violation,File created 485 days BEFORE volume creation - IMPOSSIBLE,2014-01-25 19:40:31,After 2015-05-26,485.0,Volume Boundary
ehCIR,CRITICAL,100.0,volume_boundary_violation,File created 1505 days BEFORE volume creation - IMPOSSIBLE,2011-04-12 13:58:18,After 2015-05-26,1505.0,Volume Boundary
6.1.0.0__31bf3856ad364e35,CRITICAL,100.0,volume_boundary_violation,File created 2142 days BEFORE volume creation - IMPOSSIBLE,2009-07-14 08:50:09,After 2015-05-26,2142.0,Volume Boundary
ehexthost,CRITICAL,100.0,volume_boundary_violation,File created 1505 days BEFORE volume creation - IMPOSSIBLE,2011-04-12 13:58:18,After 2015-05-26,1505.0,Volume Boundary
ehiActivScp,CRITICAL,100.0,volume_boundary_violation,File created 1505 days BEFORE volume creation - IMPOSSIBLE,2011-04-12 13:58:18,After 2015-05-26,1505.0,Volume Boundary
ehiBmlDataCarousel,CRITICAL,100.0,volume_boundary_violation,File created 1505 days BEFORE volume creation - IMPOSSIBLE,2011-04-12 13:58:18,After 2015-05-26,1505.0,Volume Boundary
ehiExtens,CRITICAL,100.0,volume_boundary_violation,File created 485 days BEFORE volume creation - IMPOSSIBLE,2014-01-25 19:40:44,After 2015-05-26,485.0,Volume Boundary
ehiiTV,CRITICAL,100.0,volume_boundary_violation,File created 1505 days BEFORE volume creation - IMPOSSIBLE,2011-04-12 13:58:18,After 2015-05-26,1505.0,Volume Boundary
ehiProxy,CRITICAL,100.0,volume_boundary_violation,File created 485 days BEFORE volume creation - IMPOSSIBLE,2014-01-25 19:40:39,After 2015-05-26,485.0,Volume Boundary
ehiTVMSMusic,CRITICAL,100.0,volume_boundary_violation,File created 1505 days BEFORE volume creation - IMPOSSIBLE,2011-04-12 13:58:18,After 2015-05-26,1505.0,Volume Boundary
ehiUPnP,CRITICAL,100.0,volume_boundary_violation,File created 1505 days BEFORE volume creation - IMPOSSIBLE,2011-04-12 13:58:18,After 2015-05-26,1505.0,Volume Boundary
ehiUserXp,CRITICAL,100.0,volume_boundary_violation,File created 485 days BEFORE volume creation - IMPOSSIBLE,2014-01-25 19:40:37,After 2015-05-26,485.0,Volume Boundary
ehiVidCtl,CRITICAL,100.0,volume_boundary_violation,File created 485 days BEFORE volume creation - IMPOSSIBLE,2014-01-25 19:40:44,After 2015-05-26,485.0,Volume Boundary
ehiwmp,CRITICAL,100.0,volume_boundary_violation,File created 1505 days BEFORE volume creation - IMPOSSIBLE,2011-04-12 13:58:18,After 2015-05-26,1505.0,Volume Boundary
ehiWUapi,CRITICAL,100.0,volume_boundary_violation,File created 1505 days BEFORE volume creation - IMPOSSIBLE,2011-04-12 13:58:18,After 2015-05-26,1505.0,Volume Boundary
ehRecObj,CRITICAL,100.0,volume_boundary_violation,File created 485 days BEFORE volume creation - IMPOSSIBLE,2014-01-25 19:40:38,After 2015-05-26,485.0,Volume Boundary
ehshell,CRITICAL,100.0,volume_boundary_violation,File created 1505 days BEFORE volume creation - IMPOSSIBLE,2011-04-12 13:58:18,After 2015-05-26,1505.0,Volume Boundary
EventViewer,CRITICAL,100.0,volume_boundary_violation,File created 485 days BEFORE volume creation - IMPOSSIBLE,2014-01-25 19:40:45,After 2015-05-26,485.0,Volume Boundary
EventViewer.Resources,CRITICAL,100.0,volume_boundary_violation,File created 2142 days BEFORE volume creation - IMPOSSIBLE,2009-07-14 11:07:47,After 2015-05-26,2142.0,Volume Boundary
6.1.0.0_en_31bf3856ad364e35,CRITICAL,100.0,volume_boundary_violation,File created 2142 days BEFORE volume creation - IMPOSSIBLE,2009-07-14 11:07:47,After 2015-05-26,2142.0,Volume Boundary
IEExecRemote,CRITICAL,100.0,volume_boundary_violation,File created 2142 days BEFORE volume creation - IMPOSSIBLE,2009-07-14 08:50:09,After 2015-05-26,2142.0,Volume Boundary
IEHost,CRITICAL,100.0,volume_boundary_violation,File created 2142 days BEFORE volume creation - IMPOSSIBLE,2009-07-14 08:50:09,After 2015-05-26,2142.0,Volume Boundary
IIEHost,CRITICAL,100.0,volume_boundary_violation,File created 2142 days BEFORE volume creation - IMPOSSIBLE,2009-07-14 08:50:09,After 2015-05-26,2142.0,Volume Boundary
loadmxf,CRITICAL,100.0,volume_boundary_violation,File created 1505 days BEFORE volume creation - IMPOSSIBLE,2011-04-12 13:58:18,After 2015-05-26,1505.0,Volume Boundary
mcepg,CRITICAL,100.0,volume_boundary_violation,File created 485 days BEFORE volume creation - IMPOSSIBLE,2014-01-25 19:40:41,After 2015-05-26,485.0,Volume Boundary
MCESidebarCtrl,CRITICAL,100.0,volume_boundary_violation,File created 1505 days BEFORE volume creation - IMPOSSIBLE,2011-04-12 13:58:18,After 2015-05-26,1505.0,Volume Boundary
mcglidhostobj,CRITICAL,100.0,volume_boundary_violation,File created 1505 days BEFORE volume creation - IMPOSSIBLE,2011-04-12 13:58:18,After 2015-05-26,1505.0,Volume Boundary
mcplayerinterop,CRITICAL,100.0,volume_boundary_violation,File created 1505 days BEFORE volume creation - IMPOSSIBLE,2011-04-12 13:58:18,After 2015-05-26,1505.0,Volume Boundary
mcstore,CRITICAL,100.0,volume_boundary_violation,File created 485 days BEFORE volume creation - IMPOSSIBLE,2014-01-25 19:40:43,After 2015-05-26,485.0,Volume Boundary
Microsoft.ApplicationId.Framework,CRITICAL,100.0,volume_boundary_violation,File created 1505 days BEFORE volume creation - IMPOSSIBLE,2011-04-12 13:58:18,After 2015-05-26,1505.0,Volume Boundary
Microsoft.ApplicationId.Framework.Resources,CRITICAL,100.0,volume_boundary_violation,File created 1505 days BEFORE volume creation - IMPOSSIBLE,2011-04-12 13:58:18,After 2015-05-26,1505.0,Volume Boundary
Microsoft.ApplicationId.RuleWizard,CRITICAL,100.0,volume_boundary_violation,File created 1505 days BEFORE volume creation - IMPOSSIBLE,2011-04-12 13:58:18,After 2015-05-26,1505.0,Volume Boundary
Microsoft.ApplicationId.RuleWizard.Resources,CRITICAL,100.0,volume_boundary_violation,File created 1505 days BEFORE volume creation - IMPOSSIBLE,2011-04-12 13:58:18,After 2015-05-26,1505.0,Volume Boundary
Microsoft.BackgroundIntelligentTransfer.Management,CRITICAL,100.0,volume_boundary_violation,File created 2142 days BEFORE volume creation - IMPOSSIBLE,2009-07-14 11:02:41,After 2015-05-26,2142.0,Volume Boundary
1.0.0.0__31bf3856ad364e35,CRITICAL,100.0,volume_boundary_violation,File created 2142 days BEFORE volume creation - IMPOSSIBLE,2009-07-14 11:02:41,After 2015-05-26,2142.0,Volume Boundary
Microsoft.BackgroundIntelligentTransfer.Management.Resources,CRITICAL,100.0,volume_boundary_violation,File created 2142 days BEFORE volume creation - IMPOSSIBLE,2009-07-14 11:07:47,After 2015-05-26,2142.0,Volume Boundary
1.0.0.0_en_31bf3856ad364e35,CRITICAL,100.0,volume_boundary_violation,File created 2142 days BEFORE volume creation - IMPOSSIBLE,2009-07-14 11:07:47,After 2015-05-26,2142.0,Volume Boundary
Microsoft.Build.Conversion.v3.5,CRITICAL,100.0,volume_boundary_violation,File created 2142 days BEFORE volume creation - IMPOSSIBLE,2009-07-14 11:02:41,After 2015-05-26,2142.0,Volume Boundary
3.5.0.0__b03f5f7f11d50a3a,CRITICAL,100.0,volume_boundary_violation,File created 2142 days BEFORE volume creation - IMPOSSIBLE,2009-07-14 11:02:41,After 2015-05-26,2142.0,Volume Boundary
Microsoft.Build.Engine,CRITICAL,100.0,volume_boundary_violation,File created 2142 days BEFORE volume creation - IMPOSSIBLE,2009-07-14 08:50:09,After 2015-05-26,2142.0,Volume Boundary
Microsoft.Build.Framework,CRITICAL,100.0,volume_boundary_violation,File created 2142 days BEFORE volume creation - IMPOSSIBLE,2009-07-14 08:50:09,After 2015-05-26,2142.0,Volume Boundary
Microsoft.Build.Tasks,CRITICAL,100.0,volume_boundary_violation,File created 2142 days BEFORE volume creation - IMPOSSIBLE,2009-07-14 08:50:09,After 2015-05-26,2142.0,Volume Boundary
Microsoft.Build.Tasks.v3.5,CRITICAL,100.0,volume_boundary_violation,File created 2142 days BEFORE volume creation - IMPOSSIBLE,2009-07-14 11:02:41,After 2015-05-26,2142.0,Volume Boundary
Microsoft.Build.Utilities,CRITICAL,100.0,volume_boundary_violation,File created 2142 days BEFORE volume creation - IMPOSSIBLE,2009-07-14 08:50:09,After 2015-05-26,2142.0,Volume Boundary
Microsoft.Build.Utilities.v3.5,CRITICAL,100.0,volume_boundary_violation,File created 2142 days BEFORE volume creation - IMPOSSIBLE,2009-07-14 11:02:41,After 2015-05-26,2142.0,Volume Boundary
Microsoft.GroupPolicy.Reporting,CRITICAL,100.0,volume_boundary_violation,File created 1505 days BEFORE volume creation - IMPOSSIBLE,2011-04-12 13:58:18,After 2015-05-26,1505.0,Volume Boundary
2.0.0.0__31bf3856ad364e35,CRITICAL,100.0,volume_boundary_violation,File created 1505 days BEFORE volume creation - IMPOSSIBLE,2011-04-12 13:58:18,After 2015-05-26,1505.0,Volume Boundary
Microsoft.GroupPolicy.Reporting.Resources,CRITICAL,100.0,volume_boundary_violation,File created 1505 days BEFORE volume creation - IMPOSSIBLE,2011-04-12 13:58:18,After 2015-05-26,1505.0,Volume Boundary
2.0.0.0_en_31bf3856ad364e35,CRITICAL,100.0,volume_boundary_violation,File created 1505 days BEFORE volume creation - IMPOSSIBLE,2011-04-12 13:58:18,After 2015-05-26,1505.0,Volume Boundary
Microsoft.Ink.Resources,CRITICAL,100.0,volume_boundary_violation,File created 2142 days BEFORE volume creation - IMPOSSIBLE,2009-07-14 11:07:47,After 2015-05-26,2142.0,Volume Boundary
Microsoft.JScript,CRITICAL,100.0,volume_boundary_violation,File created 2142 days BEFORE volume creation - IMPOSSIBLE,2009-07-14 08:50:09,After 2015-05-26,2142.0,Volume Boundary
Microsoft.ManagementConsole,CRITICAL,100.0,volume_boundary_violation,File created 2142 days BEFORE volume creation - IMPOSSIBLE,2009-07-14 08:50:09,After 2015-05-26,2142.0,Volume Boundary
Microsoft.ManagementConsole.Resources,CRITICAL,100.0,volume_boundary_violation,File created 2142 days BEFORE volume creation - IMPOSSIBLE,2009-07-14 11:07:47,After 2015-05-26,2142.0,Volume Boundary
3.0.0.0_en_31bf3856ad364e35,CRITICAL,100.0,volume_boundary_violation,File created 2142 days BEFORE volume creation - IMPOSSIBLE,2009-07-14 11:07:47,After 2015-05-26,2142.0,Volume Boundary
Microsoft.MediaCenter,CRITICAL,100.0,volume_boundary_violation,File created 1505 days BEFORE volume creation - IMPOSSIBLE,2011-04-12 13:58:18,After 2015-05-26,1505.0,Volume Boundary
Microsoft.MediaCenter.Bml,CRITICAL,100.0,volume_boundary_violation,File created 1505 days BEFORE volume creation - IMPOSSIBLE,2011-04-12 13:58:18,After 2015-05-26,1505.0,Volume Boundary
Microsoft.MediaCenter.iTV,CRITICAL,100.0,volume_boundary_violation,File created 1505 days BEFORE volume creation - IMPOSSIBLE,2011-04-12 13:58:18,After 2015-05-26,1505.0,Volume Boundary
Microsoft.MediaCenter.iTv.Hosting,CRITICAL,100.0,volume_boundary_violation,File created 1505 days BEFORE volume creation - IMPOSSIBLE,2011-04-12 13:58:18,After 2015-05-26,1505.0,Volume Boundary
Microsoft.MediaCenter.ITVVM,CRITICAL,100.0,volume_boundary_violation,File created 1505 days BEFORE volume creation - IMPOSSIBLE,2011-04-12 13:58:18,After 2015-05-26,1505.0,Volume Boundary
Microsoft.MediaCenter.Shell,CRITICAL,100.0,volume_boundary_violation,File created 1505 days BEFORE volume creation - IMPOSSIBLE,2011-04-12 13:58:18,After 2015-05-26,1505.0,Volume Boundary
Microsoft.MediaCenter.Sports,CRITICAL,100.0,volume_boundary_violation,File created 1505 days BEFORE volume creation - IMPOSSIBLE,2011-04-12 13:58:18,After 2015-05-26,1505.0,Volume Boundary
Microsoft.MediaCenter.UI,CRITICAL,100.0,volume_boundary_violation,File created 1505 days BEFORE volume creation - IMPOSSIBLE,2011-04-12 13:58:18,After 2015-05-26,1505.0,Volume Boundary
Microsoft.PowerShell.Commands.Diagnostics,CRITICAL,100.0,volume_boundary_violation,File created 2142 days BEFORE volume creation - IMPOSSIBLE,2009-07-14 11:02:41,After 2015-05-26,2142.0,Volume Boundary
Microsoft.PowerShell.Commands.Diagnostics.Resources,CRITICAL,100.0,volume_boundary_violation,File created 2142 days BEFORE volume creation - IMPOSSIBLE,2009-07-14 11:07:47,After 2015-05-26,2142.0,Volume Boundary
Microsoft.PowerShell.Commands.Management,CRITICAL,100.0,volume_boundary_violation,File created 2142 days BEFORE volume creation - IMPOSSIBLE,2009-07-14 11:02:41,After 2015-05-26,2142.0,Volume Boundary
Microsoft.PowerShell.Commands.Management.Resources,CRITICAL,100.0,volume_boundary_violation,File created 2142 days BEFORE volume creation - IMPOSSIBLE,2009-07-14 11:07:47,After 2015-05-26,2142.0,Volume Boundary
Microsoft.PowerShell.Commands.Utility,CRITICAL,100.0,volume_boundary_violation,File created 2142 days BEFORE volume creation - IMPOSSIBLE,2009-07-14 11:02:41,After 2015-05-26,2142.0,Volume Boundary
Microsoft.PowerShell.Commands.Utility.Resources,CRITICAL,100.0,volume_boundary_violation,File created 2142 days BEFORE volume creation - IMPOSSIBLE,2009-07-14 11:07:47,After 2015-05-26,2142.0,Volume Boundary
Microsoft.PowerShell.ConsoleHost,CRITICAL,100.0,volume_boundary_violation,File created 2142 days BEFORE volume creation - IMPOSSIBLE,2009-07-14 11:02:41,After 2015-05-26,2142.0,Volume Boundary
Microsoft.PowerShell.ConsoleHost.Resources,CRITICAL,100.0,volume_boundary_violation,File created 2142 days BEFORE volume creation - IMPOSSIBLE,2009-07-14 11:07:47,After 2015-05-26,2142.0,Volume Boundary
Microsoft.PowerShell.Editor,CRITICAL,100.0,volume_boundary_violation,File created 2142 days BEFORE volume creation - IMPOSSIBLE,2009-07-14 11:02:41,After 2015-05-26,2142.0,Volume Boundary
Microsoft.PowerShell.Editor.Resources,CRITICAL,100.0,volume_boundary_violation,File created 2142 days BEFORE volume creation - IMPOSSIBLE,2009-07-14 11:07:47,After 2015-05-26,2142.0,Volume Boundary
Microsoft.PowerShell.GPowerShell,CRITICAL,100.0,volume_boundary_violation,File created 2142 days BEFORE volume creation - IMPOSSIBLE,2009-07-14 11:02:41,After 2015-05-26,2142.0,Volume Boundary
Microsoft.PowerShell.GPowerShell.Resources,CRITICAL,100.0,volume_boundary_violation,File created 2142 days BEFORE volume creation - IMPOSSIBLE,2009-07-14 11:07:47,After 2015-05-26,2142.0,Volume Boundary
Microsoft.PowerShell.GraphicalHost,CRITICAL,100.0,volume_boundary_violation,File created 2142 days BEFORE volume creation - IMPOSSIBLE,2009-07-14 11:02:41,After 2015-05-26,2142.0,Volume Boundary
Microsoft.PowerShell.GraphicalHost.Resources,CRITICAL,100.0,volume_boundary_violation,File created 2142 days BEFORE volume creation - IMPOSSIBLE,2009-07-14 11:07:47,After 2015-05-26,2142.0,Volume Boundary
Microsoft.PowerShell.Security,CRITICAL,100.0,volume_boundary_violation,File created 2142 days BEFORE volume creation - IMPOSSIBLE,2009-07-14 11:02:41,After 2015-05-26,2142.0,Volume Boundary
Microsoft.PowerShell.Security.Resources,CRITICAL,100.0,volume_boundary_violation,File created 2142 days BEFORE volume creation - IMPOSSIBLE,2009-07-14 11:07:47,After 2015-05-26,2142.0,Volume Boundary
Microsoft.Security.ApplicationId.PolicyManagement.Cmdlets,CRITICAL,100.0,volume_boundary_violation,File created 1505 days BEFORE volume creation - IMPOSSIBLE,2011-04-12 13:58:18,After 2015-05-26,1505.0,Volume Boundary
Microsoft.Security.ApplicationId.PolicyManagement.Cmdlets.Resources,CRITICAL,100.0,volume_boundary_violation,File created 1505 days BEFORE volume creation - IMPOSSIBLE,2011-04-12 13:58:18,After 2015-05-26,1505.0,Volume Boundary
Microsoft.Security.ApplicationId.PolicyManagement.PolicyManager,CRITICAL,100.0,volume_boundary_violation,File created 1505 days BEFORE volume creation - IMPOSSIBLE,2011-04-12 13:58:18,After 2015-05-26,1505.0,Volume Boundary
Microsoft.Security.ApplicationId.PolicyManagement.PolicyManager.Resources,CRITICAL,100.0,volume_boundary_violation,File created 1505 days BEFORE volume creation - IMPOSSIBLE,2011-04-12 13:58:18,After 2015-05-26,1505.0,Volume Boundary
Microsoft.Security.ApplicationId.PolicyManagement.PolicyModel,CRITICAL,100.0,volume_boundary_violation,File created 1505 days BEFORE volume creation - IMPOSSIBLE,2011-04-12 13:58:18,After 2015-05-26,1505.0,Volume Boundary
Microsoft.Security.ApplicationId.PolicyManagement.PolicyModel.Resources,CRITICAL,100.0,volume_boundary_violation,File created 1505 days BEFORE volume creation - IMPOSSIBLE,2011-04-12 13:58:18,After 2015-05-26,1505.0,Volume Boundary
Microsoft.Security.ApplicationId.PolicyManagement.XmlHelper,CRITICAL,100.0,volume_boundary_violation,File created 1505 days BEFORE volume creation - IMPOSSIBLE,2011-04-12 13:58:18,After 2015-05-26,1505.0,Volume Boundary
Microsoft.Security.ApplicationId.Wizards.AutomaticRuleGenerationWizard,CRITICAL,100.0,volume_boundary_violation,File created 1505 days BEFORE volume creation - IMPOSSIBLE,2011-04-12 13:58:18,After 2015-05-26,1505.0,Volume Boundary
Microsoft.Security.ApplicationId.Wizards.AutomaticRuleGenerationWizard.resources,CRITICAL,100.0,volume_boundary_violation,File created 1505 days BEFORE volume creation - IMPOSSIBLE,2011-04-12 13:58:18,After 2015-05-26,1505.0,Volume Boundary
Microsoft.Tpm,CRITICAL,100.0,volume_boundary_violation,File created 2142 days BEFORE volume creation - IMPOSSIBLE,2009-07-14 08:50:09,After 2015-05-26,2142.0,Volume Boundary
Microsoft.Tpm.Resources,CRITICAL,100.0,volume_boundary_violation,File created 2142 days BEFORE volume creation - IMPOSSIBLE,2009-07-14 11:07:47,After 2015-05-26,2142.0,Volume Boundary
Microsoft.Transactions.Bridge,CRITICAL,100.0,volume_boundary_violation,File created 2142 days BEFORE volume creation - IMPOSSIBLE,2009-07-14 11:02:41,After 2015-05-26,2142.0,Volume Boundary
Microsoft.VisualBasic,CRITICAL,100.0,volume_boundary_violation,File created 2142 days BEFORE volume creation - IMPOSSIBLE,2009-07-14 08:50:09,After 2015-05-26,2142.0,Volume Boundary
Microsoft.VisualBasic.Compatibility,CRITICAL,100.0,volume_boundary_violation,File created 2142 days BEFORE volume creation - IMPOSSIBLE,2009-07-14 08:50:09,After 2015-05-26,2142.0,Volume Boundary
Microsoft.VisualBasic.Compatibility.Data,CRITICAL,100.0,volume_boundary_violation,File created 2142 days BEFORE volume creation - IMPOSSIBLE,2009-07-14 08:50:09,After 2015-05-26,2142.0,Volume Boundary
Microsoft.VisualBasic.Vsa,CRITICAL,100.0,volume_boundary_violation,File created 2142 days BEFORE volume creation - IMPOSSIBLE,2009-07-14 08:50:09,After 2015-05-26,2142.0,Volume Boundary
Microsoft.VisualC,CRITICAL,100.0,volume_boundary_violation,File created 1647 days BEFORE volume creation - IMPOSSIBLE,2010-11-21 09:19:49,After 2015-05-26,1647.0,Volume Boundary
Microsoft.VisualC.STLCLR,CRITICAL,100.0,volume_boundary_violation,File created 2142 days BEFORE volume creation - IMPOSSIBLE,2009-07-14 11:02:41,After 2015-05-26,2142.0,Volume Boundary
1.0.0.0__b03f5f7f11d50a3a,CRITICAL,100.0,volume_boundary_violation,File created 2142 days BEFORE volume creation - IMPOSSIBLE,2009-07-14 11:02:41,After 2015-05-26,2142.0,Volume Boundary
Microsoft.Vsa,CRITICAL,100.0,volume_boundary_violation,File created 2142 days BEFORE volume creation - IMPOSSIBLE,2009-07-14 08:50:09,After 2015-05-26,2142.0,Volume Boundary
Microsoft.Vsa.Vb.CodeDOMProcessor,CRITICAL,100.0,volume_boundary_violation,File created 2142 days BEFORE volume creation - IMPOSSIBLE,2009-07-14 08:50:09,After 2015-05-26,2142.0,Volume Boundary
Microsoft.Windows.Diagnosis.Commands.GetDiagInput,CRITICAL,100.0,volume_boundary_violation,File created 2142 days BEFORE volume creation - IMPOSSIBLE,2009-07-14 11:02:41,After 2015-05-26,2142.0,Volume Boundary
Microsoft.Windows.Diagnosis.Commands.GetDiagInput.Resources,CRITICAL,100.0,volume_boundary_violation,File created 2142 days BEFORE volume creation - IMPOSSIBLE,2009-07-14 11:07:47,After 2015-05-26,2142.0,Volume Boundary
Microsoft.Windows.Diagnosis.Commands.UpdateDiagReport,CRITICAL,100.0,volume_boundary_violation,File created 2142 days BEFORE volume creation - IMPOSSIBLE,2009-07-14 11:02:41,After 2015-05-26,2142.0,Volume Boundary
Microsoft.Windows.Diagnosis.Commands.UpdateDiagReport.Resources,CRITICAL,100.0,volume_boundary_violation,File created 2142 days BEFORE volume creation - IMPOSSIBLE,2009-07-14 11:07:47,After 2015-05-26,2142.0,Volume Boundary
Microsoft.Windows.Diagnosis.Commands.UpdateDiagRootcause,CRITICAL,100.0,volume_boundary_violation,File created 2142 days BEFORE volume creation - IMPOSSIBLE,2009-07-14 11:02:41,After 2015-05-26,2142.0,Volume Boundary
Microsoft.Windows.Diagnosis.Commands.UpdateDiagRootcause.Resources,CRITICAL,100.0,volume_boundary_violation,File created 2142 days BEFORE volume creation - IMPOSSIBLE,2009-07-14 11:07:47,After 2015-05-26,2142.0,Volume Boundary
Microsoft.Windows.Diagnosis.Commands.WriteDiagProgress,CRITICAL,100.0,volume_boundary_violation,File created 2142 days BEFORE volume creation - IMPOSSIBLE,2009-07-14 11:02:41,After 2015-05-26,2142.0,Volume Boundary
Microsoft.Windows.Diagnosis.Commands.WriteDiagProgress.Resources,CRITICAL,100.0,volume_boundary_violation,File created 2142 days BEFORE volume creation - IMPOSSIBLE,2009-07-14 11:07:47,After 2015-05-26,2142.0,Volume Boundary
Microsoft.Windows.Diagnosis.SDHost,CRITICAL,100.0,volume_boundary_violation,File created 2142 days BEFORE volume creation - IMPOSSIBLE,2009-07-14 11:02:41,After 2015-05-26,2142.0,Volume Boundary
Microsoft.Windows.Diagnosis.SDHost.Resources,CRITICAL,100.0,volume_boundary_violation,File created 2142 days BEFORE volume creation - IMPOSSIBLE,2009-07-14 11:07:47,After 2015-05-26,2142.0,Volume Boundary
Microsoft.Windows.Diagnosis.TroubleshootingPack,CRITICAL,100.0,volume_boundary_violation,File created 2142 days BEFORE volume creation - IMPOSSIBLE,2009-07-14 11:02:41,After 2015-05-26,2142.0,Volume Boundary
Microsoft.Windows.Diagnosis.TroubleshootingPack.Resources,CRITICAL,100.0,volume_boundary_violation,File created 2142 days BEFORE volume creation - IMPOSSIBLE,2009-07-14 11:07:47,After 2015-05-26,2142.0,Volume Boundary
Microsoft.WSMan.Management,CRITICAL,100.0,volume_boundary_violation,File created 2142 days BEFORE volume creation - IMPOSSIBLE,2009-07-14 11:02:41,After 2015-05-26,2142.0,Volume Boundary
Microsoft.WSMan.Management.Resources,CRITICAL,100.0,volume_boundary_violation,File created 2142 days BEFORE volume creation - IMPOSSIBLE,2009-07-14 11:07:47,After 2015-05-26,2142.0,Volume Boundary
Microsoft.WSMan.Runtime,CRITICAL,100.0,volume_boundary_violation,File created 2142 days BEFORE volume creation - IMPOSSIBLE,2009-07-14 11:02:41,After 2015-05-26,2142.0,Volume Boundary
Microsoft_VsaVb,CRITICAL,100.0,volume_boundary_violation,File created 2142 days BEFORE volume creation - IMPOSSIBLE,2009-07-14 08:50:09,After 2015-05-26,2142.0,Volume Boundary
MiguiControls,CRITICAL,100.0,volume_boundary_violation,File created 485 days BEFORE volume creation - IMPOSSIBLE,2014-01-25 19:40:49,After 2015-05-26,485.0,Volume Boundary
MiguiControls.Resources,CRITICAL,100.0,volume_boundary_violation,File created 2142 days BEFORE volume creation - IMPOSSIBLE,2009-07-14 11:07:47,After 2015-05-26,2142.0,Volume Boundary
MMCEx,CRITICAL,100.0,volume_boundary_violation,File created 2142 days BEFORE volume creation - IMPOSSIBLE,2009-07-14 08:50:09,After 2015-05-26,2142.0,Volume Boundary
MMCEx.Resources,CRITICAL,100.0,volume_boundary_violation,File created 2142 days BEFORE volume creation - IMPOSSIBLE,2009-07-14 11:07:47,After 2015-05-26,2142.0,Volume Boundary
MMCFxCommon,CRITICAL,100.0,volume_boundary_violation,File created 485 days BEFORE volume creation - IMPOSSIBLE,2014-01-25 19:40:46,After 2015-05-26,485.0,Volume Boundary
MMCFxCommon.Resources,CRITICAL,100.0,volume_boundary_violation,File created 2142 days BEFORE volume creation - IMPOSSIBLE,2009-07-14 11:07:47,After 2015-05-26,2142.0,Volume Boundary
napinit,CRITICAL,100.0,volume_boundary_violation,File created 2142 days BEFORE volume creation - IMPOSSIBLE,2009-07-14 08:50:09,After 2015-05-26,2142.0,Volume Boundary
napinit.resources,CRITICAL,100.0,volume_boundary_violation,File created 2142 days BEFORE volume creation - IMPOSSIBLE,2009-07-14 11:07:47,After 2015-05-26,2142.0,Volume Boundary
napsnap,CRITICAL,100.0,volume_boundary_violation,File created 2142 days BEFORE volume creation - IMPOSSIBLE,2009-07-14 08:50:09,After 2015-05-26,2142.0,Volume Boundary
napsnap.resources,CRITICAL,100.0,volume_boundary_violation,File created 2142 days BEFORE volume creation - IMPOSSIBLE,2009-07-14 11:07:47,After 2015-05-26,2142.0,Volume Boundary
Narrator,CRITICAL,100.0,volume_boundary_violation,File created 2142 days BEFORE volume creation - IMPOSSIBLE,2009-07-14 08:50:09,After 2015-05-26,2142.0,Volume Boundary
PresentationBuildTasks,CRITICAL,100.0,volume_boundary_violation,File created 2142 days BEFORE volume creation - IMPOSSIBLE,2009-07-14 11:02:41,After 2015-05-26,2142.0,Volume Boundary
PresentationCFFRasterizer,CRITICAL,100.0,volume_boundary_violation,File created 2142 days BEFORE volume creation - IMPOSSIBLE,2009-07-14 11:02:41,After 2015-05-26,2142.0,Volume Boundary
PresentationFontCache,CRITICAL,100.0,volume_boundary_violation,File created 2142 days BEFORE volume creation - IMPOSSIBLE,2009-07-14 11:02:41,After 2015-05-26,2142.0,Volume Boundary
PresentationFramework,CRITICAL,100.0,volume_boundary_violation,File created 2142 days BEFORE volume creation - IMPOSSIBLE,2009-07-14 11:02:41,After 2015-05-26,2142.0,Volume Boundary
PresentationFramework.Aero,CRITICAL,100.0,volume_boundary_violation,File created 2142 days BEFORE volume creation - IMPOSSIBLE,2009-07-14 11:02:41,After 2015-05-26,2142.0,Volume Boundary
PresentationFramework.Classic,CRITICAL,100.0,volume_boundary_violation,File created 2142 days BEFORE volume creation - IMPOSSIBLE,2009-07-14 11:02:41,After 2015-05-26,2142.0,Volume Boundary
PresentationFramework.Luna,CRITICAL,100.0,volume_boundary_violation,File created 2142 days BEFORE volume creation - IMPOSSIBLE,2009-07-14 11:02:41,After 2015-05-26,2142.0,Volume Boundary
PresentationFramework.Royale,CRITICAL,100.0,volume_boundary_violation,File created 2142 days BEFORE volume creation - IMPOSSIBLE,2009-07-14 11:02:41,After 2015-05-26,2142.0,Volume Boundary
PresentationUI,CRITICAL,100.0,volume_boundary_violation,File created 485 days BEFORE volume creation - IMPOSSIBLE,2014-01-25 19:24:28,After 2015-05-26,485.0,Volume Boundary
ReachFramework,CRITICAL,100.0,volume_boundary_violation,File created 1647 days BEFORE volume creation - IMPOSSIBLE,2010-11-21 09:22:50,After 2015-05-26,1647.0,Volume Boundary
SecurityAuditPoliciesSnapIn,CRITICAL,100.0,volume_boundary_violation,File created 1505 days BEFORE volume creation - IMPOSSIBLE,2011-04-12 13:58:18,After 2015-05-26,1505.0,Volume Boundary
SecurityAuditPoliciesSnapIn.resources,CRITICAL,100.0,volume_boundary_violation,File created 1505 days BEFORE volume creation - IMPOSSIBLE,2011-04-12 13:58:18,After 2015-05-26,1505.0,Volume Boundary
Sentinel.v3.5Client,CRITICAL,100.0,volume_boundary_violation,File created 2142 days BEFORE volume creation - IMPOSSIBLE,2009-07-14 11:02:41,After 2015-05-26,2142.0,Volume Boundary
SMDiagnostics,CRITICAL,100.0,volume_boundary_violation,File created 485 days BEFORE volume creation - IMPOSSIBLE,2014-01-25 19:39:35,After 2015-05-26,485.0,Volume Boundary
3.0.0.0__b77a5c561934e089,CRITICAL,100.0,volume_boundary_violation,File created 2142 days BEFORE volume creation - IMPOSSIBLE,2009-07-14 11:02:41,After 2015-05-26,2142.0,Volume Boundary
SMSvcHost,CRITICAL,100.0,volume_boundary_violation,File created 2142 days BEFORE volume creation - IMPOSSIBLE,2009-07-14 11:02:41,After 2015-05-26,2142.0,Volume Boundary
SonicMCEBurnEngine,CRITICAL,100.0,volume_boundary_violation,File created 1505 days BEFORE volume creation - IMPOSSIBLE,2011-04-12 13:58:18,After 2015-05-26,1505.0,Volume Boundary
SrpUxSnapIn,CRITICAL,100.0,volume_boundary_violation,File created 1505 days BEFORE volume creation - IMPOSSIBLE,2011-04-12 13:58:18,After 2015-05-26,1505.0,Volume Boundary
SrpUxSnapIn.resources,CRITICAL,100.0,volume_boundary_violation,File created 1505 days BEFORE volume creation - IMPOSSIBLE,2011-04-12 13:58:18,After 2015-05-26,1505.0,Volume Boundary
sysglobl,CRITICAL,100.0,volume_boundary_violation,File created 2142 days BEFORE volume creation - IMPOSSIBLE,2009-07-14 08:50:09,After 2015-05-26,2142.0,Volume Boundary
System.AddIn,CRITICAL,100.0,volume_boundary_violation,File created 485 days BEFORE volume creation - IMPOSSIBLE,2014-01-25 19:38:45,After 2015-05-26,485.0,Volume Boundary
3.5.0.0__b77a5c561934e089,CRITICAL,100.0,volume_boundary_violation,File created 2142 days BEFORE volume creation - IMPOSSIBLE,2009-07-14 11:02:41,After 2015-05-26,2142.0,Volume Boundary
System.AddIn.Contract,CRITICAL,100.0,volume_boundary_violation,File created 2142 days BEFORE volume creation - IMPOSSIBLE,2009-07-14 11:02:41,After 2015-05-26,2142.0,Volume Boundary
System.ComponentModel.DataAnnotations,CRITICAL,100.0,volume_boundary_violation,File created 2142 days BEFORE volume creation - IMPOSSIBLE,2009-07-14 11:02:41,After 2015-05-26,2142.0,Volume Boundary
3.5.0.0__31bf3856ad364e35,CRITICAL,100.0,volume_boundary_violation,File created 2142 days BEFORE volume creation - IMPOSSIBLE,2009-07-14 11:02:41,After 2015-05-26,2142.0,Volume Boundary
System.Configuration,CRITICAL,100.0,volume_boundary_violation,File created 1647 days BEFORE volume creation - IMPOSSIBLE,2010-11-21 09:21:12,After 2015-05-26,1647.0,Volume Boundary
System.Configuration.Install,CRITICAL,100.0,volume_boundary_violation,File created 2142 days BEFORE volume creation - IMPOSSIBLE,2009-07-14 08:50:09,After 2015-05-26,2142.0,Volume Boundary
System.Core,CRITICAL,100.0,volume_boundary_violation,File created 1647 days BEFORE volume creation - IMPOSSIBLE,2010-11-21 09:23:48,After 2015-05-26,1647.0,Volume Boundary
System.Data.DataSetExtensions,CRITICAL,100.0,volume_boundary_violation,File created 2142 days BEFORE volume creation - IMPOSSIBLE,2009-07-14 11:02:41,After 2015-05-26,2142.0,Volume Boundary
System.Data.Entity,CRITICAL,100.0,volume_boundary_violation,File created 2142 days BEFORE volume creation - IMPOSSIBLE,2009-07-14 11:02:41,After 2015-05-26,2142.0,Volume Boundary
System.Data.Entity.Design,CRITICAL,100.0,volume_boundary_violation,File created 2142 days BEFORE volume creation - IMPOSSIBLE,2009-07-14 11:02:41,After 2015-05-26,2142.0,Volume Boundary
System.Data.Linq,CRITICAL,100.0,volume_boundary_violation,File created 2142 days BEFORE volume creation - IMPOSSIBLE,2009-07-14 11:02:41,After 2015-05-26,2142.0,Volume Boundary
System.Data.Services,CRITICAL,100.0,volume_boundary_violation,File created 2142 days BEFORE volume creation - IMPOSSIBLE,2009-07-14 11:02:41,After 2015-05-26,2142.0,Volume Boundary
System.Data.Services.Client,CRITICAL,100.0,volume_boundary_violation,File created 2142 days BEFORE volume creation - IMPOSSIBLE,2009-07-14 11:02:41,After 2015-05-26,2142.0,Volume Boundary
System.Data.Services.Design,CRITICAL,100.0,volume_boundary_violation,File created 2142 days BEFORE volume creation - IMPOSSIBLE,2009-07-14 11:02:41,After 2015-05-26,2142.0,Volume Boundary
System.Data.SqlXml,CRITICAL,100.0,volume_boundary_violation,File created 1647 days BEFORE volume creation - IMPOSSIBLE,2010-11-21 09:21:24,After 2015-05-26,1647.0,Volume Boundary
System.Deployment,CRITICAL,100.0,volume_boundary_violation,File created 485 days BEFORE volume creation - IMPOSSIBLE,2014-01-25 19:11:16,After 2015-05-26,485.0,Volume Boundary
System.Design,CRITICAL,100.0,volume_boundary_violation,File created 485 days BEFORE volume creation - IMPOSSIBLE,2014-01-25 19:25:04,After 2015-05-26,485.0,Volume Boundary
System.DirectoryServices,CRITICAL,100.0,volume_boundary_violation,File created 2142 days BEFORE volume creation - IMPOSSIBLE,2009-07-14 08:50:09,After 2015-05-26,2142.0,Volume Boundary
System.DirectoryServices.AccountManagement,CRITICAL,100.0,volume_boundary_violation,File created 2142 days BEFORE volume creation - IMPOSSIBLE,2009-07-14 11:02:41,After 2015-05-26,2142.0,Volume Boundary
System.DirectoryServices.Protocols,CRITICAL,100.0,volume_boundary_violation,File created 2142 days BEFORE volume creation - IMPOSSIBLE,2009-07-14 08:50:09,After 2015-05-26,2142.0,Volume Boundary
System.Drawing,CRITICAL,100.0,volume_boundary_violation,File created 1647 days BEFORE volume creation - IMPOSSIBLE,2010-11-21 09:21:57,After 2015-05-26,1647.0,Volume Boundary
System.Drawing.Design,CRITICAL,100.0,volume_boundary_violation,File created 2142 days BEFORE volume creation - IMPOSSIBLE,2009-07-14 08:50:09,After 2015-05-26,2142.0,Volume Boundary
System.IdentityModel,CRITICAL,100.0,volume_boundary_violation,File created 485 days BEFORE volume creation - IMPOSSIBLE,2014-01-25 19:38:48,After 2015-05-26,485.0,Volume Boundary
System.IdentityModel.Selectors,CRITICAL,100.0,volume_boundary_violation,File created 2142 days BEFORE volume creation - IMPOSSIBLE,2009-07-14 11:02:41,After 2015-05-26,2142.0,Volume Boundary
System.IO.Log,CRITICAL,100.0,volume_boundary_violation,File created 2142 days BEFORE volume creation - IMPOSSIBLE,2009-07-14 11:02:41,After 2015-05-26,2142.0,Volume Boundary
System.Management,CRITICAL,100.0,volume_boundary_violation,File created 485 days BEFORE volume creation - IMPOSSIBLE,2014-01-25 19:41:03,After 2015-05-26,485.0,Volume Boundary
System.Management.Automation,CRITICAL,100.0,volume_boundary_violation,File created 2142 days BEFORE volume creation - IMPOSSIBLE,2009-07-14 11:02:41,After 2015-05-26,2142.0,Volume Boundary
System.Management.Automation.Resources,CRITICAL,100.0,volume_boundary_violation,File created 2142 days BEFORE volume creation - IMPOSSIBLE,2009-07-14 11:07:47,After 2015-05-26,2142.0,Volume Boundary
System.Management.Instrumentation,CRITICAL,100.0,volume_boundary_violation,File created 2142 days BEFORE volume creation - IMPOSSIBLE,2009-07-14 11:02:41,After 2015-05-26,2142.0,Volume Boundary
System.Messaging,CRITICAL,100.0,volume_boundary_violation,File created 485 days BEFORE volume creation - IMPOSSIBLE,2014-01-25 19:39:30,After 2015-05-26,485.0,Volume Boundary
System.Net,CRITICAL,100.0,volume_boundary_violation,File created 2142 days BEFORE volume creation - IMPOSSIBLE,2009-07-14 11:02:41,After 2015-05-26,2142.0,Volume Boundary
System.Runtime.Remoting,CRITICAL,100.0,volume_boundary_violation,File created 2142 days BEFORE volume creation - IMPOSSIBLE,2009-07-14 08:50:09,After 2015-05-26,2142.0,Volume Boundary
System.Runtime.Serialization,CRITICAL,100.0,volume_boundary_violation,File created 2142 days BEFORE volume creation - IMPOSSIBLE,2009-07-14 11:02:41,After 2015-05-26,2142.0,Volume Boundary
System.Runtime.Serialization.Formatters.Soap,CRITICAL,100.0,volume_boundary_violation,File created 2142 days BEFORE volume creation - IMPOSSIBLE,2009-07-14 08:50:09,After 2015-05-26,2142.0,Volume Boundary
System.Security,CRITICAL,100.0,volume_boundary_violation,File created 1647 days BEFORE volume creation - IMPOSSIBLE,2010-11-21 09:21:25,After 2015-05-26,1647.0,Volume Boundary
System.ServiceModel,CRITICAL,100.0,volume_boundary_violation,File created 485 days BEFORE volume creation - IMPOSSIBLE,2014-01-25 19:39:29,After 2015-05-26,485.0,Volume Boundary
System.ServiceModel.Install,CRITICAL,100.0,volume_boundary_violation,File created 2142 days BEFORE volume creation - IMPOSSIBLE,2009-07-14 11:02:41,After 2015-05-26,2142.0,Volume Boundary
System.ServiceModel.WasHosting,CRITICAL,100.0,volume_boundary_violation,File created 2142 days BEFORE volume creation - IMPOSSIBLE,2009-07-14 11:02:41,After 2015-05-26,2142.0,Volume Boundary
System.ServiceModel.Web,CRITICAL,100.0,volume_boundary_violation,File created 2142 days BEFORE volume creation - IMPOSSIBLE,2009-07-14 11:02:41,After 2015-05-26,2142.0,Volume Boundary
System.ServiceProcess,CRITICAL,100.0,volume_boundary_violation,File created 2142 days BEFORE volume creation - IMPOSSIBLE,2009-07-14 08:50:09,After 2015-05-26,2142.0,Volume Boundary
System.Speech,CRITICAL,100.0,volume_boundary_violation,File created 2142 days BEFORE volume creation - IMPOSSIBLE,2009-07-14 11:02:41,After 2015-05-26,2142.0,Volume Boundary
System.Web.Abstractions,CRITICAL,100.0,volume_boundary_violation,File created 2142 days BEFORE volume creation - IMPOSSIBLE,2009-07-14 11:02:41,After 2015-05-26,2142.0,Volume Boundary
System.Web.DynamicData,CRITICAL,100.0,volume_boundary_violation,File created 2142 days BEFORE volume creation - IMPOSSIBLE,2009-07-14 11:02:41,After 2015-05-26,2142.0,Volume Boundary
System.Web.DynamicData.Design,CRITICAL,100.0,volume_boundary_violation,File created 2142 days BEFORE volume creation - IMPOSSIBLE,2009-07-14 11:02:41,After 2015-05-26,2142.0,Volume Boundary
System.Web.Entity,CRITICAL,100.0,volume_boundary_violation,File created 2142 days BEFORE volume creation - IMPOSSIBLE,2009-07-14 11:02:41,After 2015-05-26,2142.0,Volume Boundary
System.Web.Entity.Design,CRITICAL,100.0,volume_boundary_violation,File created 2142 days BEFORE volume creation - IMPOSSIBLE,2009-07-14 11:02:41,After 2015-05-26,2142.0,Volume Boundary
System.Web.Extensions,CRITICAL,100.0,volume_boundary_violation,File created 2142 days BEFORE volume creation - IMPOSSIBLE,2009-07-14 11:02:41,After 2015-05-26,2142.0,Volume Boundary
System.Web.Extensions.Design,CRITICAL,100.0,volume_boundary_violation,File created 2142 days BEFORE volume creation - IMPOSSIBLE,2009-07-14 11:02:41,After 2015-05-26,2142.0,Volume Boundary
System.Web.Mobile,CRITICAL,100.0,volume_boundary_violation,File created 2142 days BEFORE volume creation - IMPOSSIBLE,2009-07-14 08:50:09,After 2015-05-26,2142.0,Volume Boundary
System.Web.RegularExpressions,CRITICAL,100.0,volume_boundary_violation,File created 2142 days BEFORE volume creation - IMPOSSIBLE,2009-07-14 08:50:09,After 2015-05-26,2142.0,Volume Boundary
System.Web.Routing,CRITICAL,100.0,volume_boundary_violation,File created 2142 days BEFORE volume creation - IMPOSSIBLE,2009-07-14 11:02:41,After 2015-05-26,2142.0,Volume Boundary
System.Web.Services,CRITICAL,100.0,volume_boundary_violation,File created 485 days BEFORE volume creation - IMPOSSIBLE,2014-01-25 19:24:50,After 2015-05-26,485.0,Volume Boundary
System.Windows.Forms,CRITICAL,100.0,volume_boundary_violation,File created 485 days BEFORE volume creation - IMPOSSIBLE,2014-01-25 19:25:38,After 2015-05-26,485.0,Volume Boundary
System.Windows.Presentation,CRITICAL,100.0,volume_boundary_violation,File created 2142 days BEFORE volume creation - IMPOSSIBLE,2009-07-14 11:02:41,After 2015-05-26,2142.0,Volume Boundary
System.Workflow.Activities,CRITICAL,100.0,volume_boundary_violation,File created 2142 days BEFORE volume creation - IMPOSSIBLE,2009-07-14 11:02:41,After 2015-05-26,2142.0,Volume Boundary
System.Workflow.ComponentModel,CRITICAL,100.0,volume_boundary_violation,File created 2142 days BEFORE volume creation - IMPOSSIBLE,2009-07-14 11:02:41,After 2015-05-26,2142.0,Volume Boundary
System.Workflow.Runtime,CRITICAL,100.0,volume_boundary_violation,File created 2142 days BEFORE volume creation - IMPOSSIBLE,2009-07-14 11:02:41,After 2015-05-26,2142.0,Volume Boundary
System.WorkflowServices,CRITICAL,100.0,volume_boundary_violation,File created 2142 days BEFORE volume creation - IMPOSSIBLE,2009-07-14 11:02:41,After 2015-05-26,2142.0,Volume Boundary
System.Xml,CRITICAL,100.0,volume_boundary_violation,File created 1647 days BEFORE volume creation - IMPOSSIBLE,2010-11-21 09:21:20,After 2015-05-26,1647.0,Volume Boundary
System.Xml.Linq,CRITICAL,100.0,volume_boundary_violation,File created 1647 days BEFORE volume creation - IMPOSSIBLE,2010-11-21 09:23:54,After 2015-05-26,1647.0,Volume Boundary
TaskScheduler,CRITICAL,100.0,volume_boundary_violation,File created 2142 days BEFORE volume creation - IMPOSSIBLE,2009-07-14 08:50:09,After 2015-05-26,2142.0,Volume Boundary
TaskScheduler.Resources,CRITICAL,100.0,volume_boundary_violation,File created 2142 days BEFORE volume creation - IMPOSSIBLE,2009-07-14 11:07:47,After 2015-05-26,2142.0,Volume Boundary
UIAutomationClient,CRITICAL,100.0,volume_boundary_violation,File created 2142 days BEFORE volume creation - IMPOSSIBLE,2009-07-14 11:02:41,After 2015-05-26,2142.0,Volume Boundary
UIAutomationClientsideProviders,CRITICAL,100.0,volume_boundary_violation,File created 2142 days BEFORE volume creation - IMPOSSIBLE,2009-07-14 11:02:41,After 2015-05-26,2142.0,Volume Boundary
UIAutomationProvider,CRITICAL,100.0,volume_boundary_violation,File created 1647 days BEFORE volume creation - IMPOSSIBLE,2010-11-21 09:21:53,After 2015-05-26,1647.0,Volume Boundary
UIAutomationTypes,CRITICAL,100.0,volume_boundary_violation,File created 1647 days BEFORE volume creation - IMPOSSIBLE,2010-11-21 09:21:53,After 2015-05-26,1647.0,Volume Boundary
WindowsBase,CRITICAL,100.0,volume_boundary_violation,File created 1647 days BEFORE volume creation - IMPOSSIBLE,2010-11-21 09:21:31,After 2015-05-26,1647.0,Volume Boundary
WindowsFormsIntegration,CRITICAL,100.0,volume_boundary_violation,File created 2142 days BEFORE volume creation - IMPOSSIBLE,2009-07-14 11:02:41,After 2015-05-26,2142.0,Volume Boundary
WsatConfig,CRITICAL,100.0,volume_boundary_violation,File created 2142 days BEFORE volume creation - IMPOSSIBLE,2009-07-14 11:02:41,After 2015-05-26,2142.0,Volume Boundary
NativeImages_v2.0.50727_32,CRITICAL,100.0,volume_boundary_violation,File created 2142 days BEFORE volume creation - IMPOSSIBLE,2009-07-14 10:24:53,After 2015-05-26,2142.0,Volume Boundary
28acf866ccc5092b2241bc8206091ba1,CRITICAL,100.0,volume_boundary_violation,File created 485 days BEFORE volume creation - IMPOSSIBLE,2014-01-25 19:10:49,After 2015-05-26,485.0,Volume Boundary
5d22a30e587e2cac106b81fb351e7c08,CRITICAL,100.0,volume_boundary_violation,File created 485 days BEFORE volume creation - IMPOSSIBLE,2014-01-25 19:10:54,After 2015-05-26,485.0,Volume Boundary
29f3ae8d313e62b4daed1107ccd29f9f,CRITICAL,100.0,volume_boundary_violation,File created 485 days BEFORE volume creation - IMPOSSIBLE,2014-01-25 19:10:55,After 2015-05-26,485.0,Volume Boundary
09db78d6068543df01862a023aca785a,CRITICAL,100.0,volume_boundary_violation,File created 485 days BEFORE volume creation - IMPOSSIBLE,2014-01-25 19:10:59,After 2015-05-26,485.0,Volume Boundary
a66a651bdb8819723d389121c6f3856b,CRITICAL,100.0,volume_boundary_violation,File created 485 days BEFORE volume creation - IMPOSSIBLE,2014-01-25 19:11:01,After 2015-05-26,485.0,Volume Boundary
65fa27da96ef57affcac61ac16c111e0,CRITICAL,100.0,volume_boundary_violation,File created 485 days BEFORE volume creation - IMPOSSIBLE,2014-01-25 19:11:01,After 2015-05-26,485.0,Volume Boundary
4eef5a3a4d0ed6d6fd882947a70df530,CRITICAL,100.0,volume_boundary_violation,File created 485 days BEFORE volume creation - IMPOSSIBLE,2014-01-25 19:11:04,After 2015-05-26,485.0,Volume Boundary
PresentationCore,CRITICAL,100.0,volume_boundary_violation,File created 1647 days BEFORE volume creation - IMPOSSIBLE,2010-11-21 09:21:53,After 2015-05-26,1647.0,Volume Boundary
51478a61dbd40488e320a0061e23c4df,CRITICAL,100.0,volume_boundary_violation,File created 485 days BEFORE volume creation - IMPOSSIBLE,2014-01-25 19:11:15,After 2015-05-26,485.0,Volume Boundary
8c20095bd7d46cdfa7933eb258a07daa,CRITICAL,100.0,volume_boundary_violation,File created 485 days BEFORE volume creation - IMPOSSIBLE,2014-01-25 19:11:15,After 2015-05-26,485.0,Volume Boundary
8f4a3d09bd38a742ccfe4a20a126fff5,CRITICAL,100.0,volume_boundary_violation,File created 485 days BEFORE volume creation - IMPOSSIBLE,2014-01-25 19:11:15,After 2015-05-26,485.0,Volume Boundary
033da6b735d41afaa20309b5e87e2ae0,CRITICAL,100.0,volume_boundary_violation,File created 485 days BEFORE volume creation - IMPOSSIBLE,2014-01-25 19:11:15,After 2015-05-26,485.0,Volume Boundary
0a7b20934d7587787e7dae923d1614f4,CRITICAL,100.0,volume_boundary_violation,File created 485 days BEFORE volume creation - IMPOSSIBLE,2014-01-25 19:25:30,After 2015-05-26,485.0,Volume Boundary
ef0a534be135cd8f0d99d938d8b1814a,CRITICAL,100.0,volume_boundary_violation,File created 485 days BEFORE volume creation - IMPOSSIBLE,2014-01-25 19:25:38,After 2015-05-26,485.0,Volume Boundary
5aa44bce7933e4de09d935848f868a4b,CRITICAL,100.0,volume_boundary_violation,File created 485 days BEFORE volume creation - IMPOSSIBLE,2014-01-25 19:11:17,After 2015-05-26,485.0,Volume Boundary
5393c55b8dd50b54e60bc59f175478ee,CRITICAL,100.0,volume_boundary_violation,File created 485 days BEFORE volume creation - IMPOSSIBLE,2014-01-25 19:25:41,After 2015-05-26,485.0,Volume Boundary
System.Runtime.Seri#,CRITICAL,100.0,volume_boundary_violation,File created 1647 days BEFORE volume creation - IMPOSSIBLE,2010-11-21 09:22:15,After 2015-05-26,1647.0,Volume Boundary
d462f459c4353e2c628e6def1430aed7,CRITICAL,100.0,volume_boundary_violation,File created 485 days BEFORE volume creation - IMPOSSIBLE,2014-01-25 19:11:27,After 2015-05-26,485.0,Volume Boundary
e043ad64456256a8ee5b934e227d9782,CRITICAL,100.0,volume_boundary_violation,File created 485 days BEFORE volume creation - IMPOSSIBLE,2014-01-25 19:39:43,After 2015-05-26,485.0,Volume Boundary
PresentationCFFRast#,CRITICAL,100.0,volume_boundary_violation,File created 1647 days BEFORE volume creation - IMPOSSIBLE,2010-11-21 09:22:15,After 2015-05-26,1647.0,Volume Boundary
3ea679e79eda32e3465d8cf36e838a00,CRITICAL,100.0,volume_boundary_violation,File created 485 days BEFORE volume creation - IMPOSSIBLE,2014-01-25 19:11:27,After 2015-05-26,485.0,Volume Boundary
System.Runtime.Remo#,CRITICAL,100.0,volume_boundary_violation,File created 485 days BEFORE volume creation - IMPOSSIBLE,2014-01-25 19:24:29,After 2015-05-26,485.0,Volume Boundary
dd8f4efb7e81c75fe444a180f6f1aacf,CRITICAL,100.0,volume_boundary_violation,File created 485 days BEFORE volume creation - IMPOSSIBLE,2014-01-25 19:25:42,After 2015-05-26,485.0,Volume Boundary
PresentationFramewo#,CRITICAL,100.0,volume_boundary_violation,File created 1647 days BEFORE volume creation - IMPOSSIBLE,2010-11-21 09:22:44,After 2015-05-26,1647.0,Volume Boundary
bcf51dc88597d0835c819a2d5a755b74,CRITICAL,100.0,volume_boundary_violation,File created 485 days BEFORE volume creation - IMPOSSIBLE,2014-01-25 19:11:41,After 2015-05-26,485.0,Volume Boundary
a2920ed81e097f8551231a9350697bbd,CRITICAL,100.0,volume_boundary_violation,File created 485 days BEFORE volume creation - IMPOSSIBLE,2014-01-25 19:12:08,After 2015-05-26,485.0,Volume Boundary
5de32c4f69c7141f68b383915ab87ff4,CRITICAL,100.0,volume_boundary_violation,File created 485 days BEFORE volume creation - IMPOSSIBLE,2014-01-25 19:12:09,After 2015-05-26,485.0,Volume Boundary
ecc420a577ac311abb7dc2f92be67221,CRITICAL,100.0,volume_boundary_violation,File created 485 days BEFORE volume creation - IMPOSSIBLE,2014-01-25 19:12:09,After 2015-05-26,485.0,Volume Boundary
307235d942b29c386577908539f194b7,CRITICAL,100.0,volume_boundary_violation,File created 485 days BEFORE volume creation - IMPOSSIBLE,2014-01-25 19:12:10,After 2015-05-26,485.0,Volume Boundary
40b43527d6fdbeb6e905a7b6123f3a42,CRITICAL,100.0,volume_boundary_violation,File created 485 days BEFORE volume creation - IMPOSSIBLE,2014-01-25 19:25:50,After 2015-05-26,485.0,Volume Boundary
78ae7334cd4505ed06c32045ec670927,CRITICAL,100.0,volume_boundary_violation,File created 485 days BEFORE volume creation - IMPOSSIBLE,2014-01-25 19:11:45,After 2015-05-26,485.0,Volume Boundary
079fad14e3994552238179d60fe7d7cb,CRITICAL,100.0,volume_boundary_violation,File created 485 days BEFORE volume creation - IMPOSSIBLE,2014-01-25 19:11:45,After 2015-05-26,485.0,Volume Boundary
System.DirectorySer#,CRITICAL,100.0,volume_boundary_violation,File created 1647 days BEFORE volume creation - IMPOSSIBLE,2010-11-21 09:22:54,After 2015-05-26,1647.0,Volume Boundary
c04ee50363f97f7d8163c318a29ae851,CRITICAL,100.0,volume_boundary_violation,File created 485 days BEFORE volume creation - IMPOSSIBLE,2014-01-25 19:11:46,After 2015-05-26,485.0,Volume Boundary
593dcc380b4c5c8a08c8085cb67b5546,CRITICAL,100.0,volume_boundary_violation,File created 485 days BEFORE volume creation - IMPOSSIBLE,2014-01-25 19:12:07,After 2015-05-26,485.0,Volume Boundary
System.Data,CRITICAL,100.0,volume_boundary_violation,File created 1647 days BEFORE volume creation - IMPOSSIBLE,2010-11-21 09:23:04,After 2015-05-26,1647.0,Volume Boundary
764054efc88f51b54c8d7e44df26b671,CRITICAL,100.0,volume_boundary_violation,File created 485 days BEFORE volume creation - IMPOSSIBLE,2014-01-25 19:11:50,After 2015-05-26,485.0,Volume Boundary
4ada2213cefea889a5ed6e2fb6839b93,CRITICAL,100.0,volume_boundary_violation,File created 485 days BEFORE volume creation - IMPOSSIBLE,2014-01-25 19:11:51,After 2015-05-26,485.0,Volume Boundary
System.EnterpriseSe#,CRITICAL,100.0,volume_boundary_violation,File created 1647 days BEFORE volume creation - IMPOSSIBLE,2010-11-21 09:23:07,After 2015-05-26,1647.0,Volume Boundary
5970036570c1e44e8ae0f6f94c1039aa,CRITICAL,100.0,volume_boundary_violation,File created 485 days BEFORE volume creation - IMPOSSIBLE,2014-01-25 19:11:51,After 2015-05-26,485.0,Volume Boundary
mscorlib,CRITICAL,100.0,volume_boundary_violation,File created 2142 days BEFORE volume creation - IMPOSSIBLE,2009-07-14 10:26:45,After 2015-05-26,2142.0,Volume Boundary
048017d94384988bfe84bcb2ca7ebf0f,CRITICAL,100.0,volume_boundary_violation,File created 485 days BEFORE volume creation - IMPOSSIBLE,2014-01-25 19:25:51,After 2015-05-26,485.0,Volume Boundary
10b149d5b1a392916b95c760bbf7849d,CRITICAL,100.0,volume_boundary_violation,File created 485 days BEFORE volume creation - IMPOSSIBLE,2014-01-25 19:25:57,After 2015-05-26,485.0,Volume Boundary
System.Drawing.Desi#,CRITICAL,100.0,volume_boundary_violation,File created 485 days BEFORE volume creation - IMPOSSIBLE,2014-01-25 19:25:04,After 2015-05-26,485.0,Volume Boundary
b09c6a80b6a0833cdd97edab4dd095b7,CRITICAL,100.0,volume_boundary_violation,File created 485 days BEFORE volume creation - IMPOSSIBLE,2014-01-25 19:25:57,After 2015-05-26,485.0,Volume Boundary
System.ServiceProce#,CRITICAL,100.0,volume_boundary_violation,File created 485 days BEFORE volume creation - IMPOSSIBLE,2014-01-25 19:25:04,After 2015-05-26,485.0,Volume Boundary
c664f44617c6a89edcc171fa8596c89d,CRITICAL,100.0,volume_boundary_violation,File created 485 days BEFORE volume creation - IMPOSSIBLE,2014-01-25 19:25:57,After 2015-05-26,485.0,Volume Boundary
System.Data.OracleC#,CRITICAL,100.0,volume_boundary_violation,File created 1647 days BEFORE volume creation - IMPOSSIBLE,2010-11-21 09:23:40,After 2015-05-26,1647.0,Volume Boundary
39c7627c1d654b9f365d92bb9eb18bcd,CRITICAL,100.0,volume_boundary_violation,File created 485 days BEFORE volume creation - IMPOSSIBLE,2014-01-25 19:12:06,After 2015-05-26,485.0,Volume Boundary
System.Web.RegularE#,CRITICAL,100.0,volume_boundary_violation,File created 1647 days BEFORE volume creation - IMPOSSIBLE,2010-11-21 09:23:40,After 2015-05-26,1647.0,Volume Boundary
7f355d2ae4a3ea4b37286b0bb64ddfec,CRITICAL,100.0,volume_boundary_violation,File created 485 days BEFORE volume creation - IMPOSSIBLE,2014-01-25 19:12:07,After 2015-05-26,485.0,Volume Boundary
System.Configuratio#,CRITICAL,100.0,volume_boundary_violation,File created 485 days BEFORE volume creation - IMPOSSIBLE,2014-01-25 19:25:05,After 2015-05-26,485.0,Volume Boundary
3bcb445cac3c184e836364cd265ccf53,CRITICAL,100.0,volume_boundary_violation,File created 485 days BEFORE volume creation - IMPOSSIBLE,2014-01-25 19:25:57,After 2015-05-26,485.0,Volume Boundary
System.Workflow.Act#,CRITICAL,100.0,volume_boundary_violation,File created 485 days BEFORE volume creation - IMPOSSIBLE,2014-01-25 19:25:11,After 2015-05-26,485.0,Volume Boundary
60f9a70e0b692ede73e3280d9bb8d784,CRITICAL,100.0,volume_boundary_violation,File created 485 days BEFORE volume creation - IMPOSSIBLE,2014-01-25 19:26:01,After 2015-05-26,485.0,Volume Boundary
System.Workflow.Com#,CRITICAL,100.0,volume_boundary_violation,File created 485 days BEFORE volume creation - IMPOSSIBLE,2014-01-25 19:25:19,After 2015-05-26,485.0,Volume Boundary
f3432e8387f265fc763e4232d022e054,CRITICAL,100.0,volume_boundary_violation,File created 485 days BEFORE volume creation - IMPOSSIBLE,2014-01-25 19:26:05,After 2015-05-26,485.0,Volume Boundary
8f5b881951592b2fd05f710650bf7e04,CRITICAL,100.0,volume_boundary_violation,File created 485 days BEFORE volume creation - IMPOSSIBLE,2014-01-25 19:12:13,After 2015-05-26,485.0,Volume Boundary
96afc74588c6581e299884469ea0dced,CRITICAL,100.0,volume_boundary_violation,File created 485 days BEFORE volume creation - IMPOSSIBLE,2014-01-25 19:12:16,After 2015-05-26,485.0,Volume Boundary
System.Workflow.Run#,CRITICAL,100.0,volume_boundary_violation,File created 485 days BEFORE volume creation - IMPOSSIBLE,2014-01-25 19:25:23,After 2015-05-26,485.0,Volume Boundary
a7e35433711799630583e81f89841aa6,CRITICAL,100.0,volume_boundary_violation,File created 485 days BEFORE volume creation - IMPOSSIBLE,2014-01-25 19:26:07,After 2015-05-26,485.0,Volume Boundary
1327ad2637aab17189c5461fbf30dc19,CRITICAL,100.0,volume_boundary_violation,File created 485 days BEFORE volume creation - IMPOSSIBLE,2014-01-25 19:39:35,After 2015-05-26,485.0,Volume Boundary
8b5820f1ec9218f4d824680844cef0aa,CRITICAL,100.0,volume_boundary_violation,File created 485 days BEFORE volume creation - IMPOSSIBLE,2014-01-25 19:39:38,After 2015-05-26,485.0,Volume Boundary
ZAP9E41.tmp,CRITICAL,100.0,volume_boundary_violation,File created 2142 days BEFORE volume creation - IMPOSSIBLE,2009-07-14 10:30:54,After 2015-05-26,2142.0,Volume Boundary
Microsoft.MediaCent#,CRITICAL,100.0,volume_boundary_violation,File created 485 days BEFORE volume creation - IMPOSSIBLE,2014-01-25 19:40:33,After 2015-05-26,485.0,Volume Boundary
3146794964c903275180889289ca4028,CRITICAL,100.0,volume_boundary_violation,File created 485 days BEFORE volume creation - IMPOSSIBLE,2014-01-25 19:40:37,After 2015-05-26,485.0,Volume Boundary
600dda81d43e5fac1916b86fa0ea01c6,CRITICAL,100.0,volume_boundary_violation,File created 485 days BEFORE volume creation - IMPOSSIBLE,2014-01-25 19:40:33,After 2015-05-26,485.0,Volume Boundary
45c3502924d42051d04405571f159485,CRITICAL,100.0,volume_boundary_violation,File created 485 days BEFORE volume creation - IMPOSSIBLE,2014-01-25 19:39:40,After 2015-05-26,485.0,Volume Boundary
System.AddIn.Contra#,CRITICAL,100.0,volume_boundary_violation,File created 485 days BEFORE volume creation - IMPOSSIBLE,2014-01-25 19:38:45,After 2015-05-26,485.0,Volume Boundary
35a6b66e089f9164215c96127a0c6276,CRITICAL,100.0,volume_boundary_violation,File created 485 days BEFORE volume creation - IMPOSSIBLE,2014-01-25 19:39:39,After 2015-05-26,485.0,Volume Boundary
39094d3e0ddce6a2f7ef06f57bf6d3b5,CRITICAL,100.0,volume_boundary_violation,File created 485 days BEFORE volume creation - IMPOSSIBLE,2014-01-25 19:40:00,After 2015-05-26,485.0,Volume Boundary
d777d98a8a882391028c99b6c5cb1027,CRITICAL,100.0,volume_boundary_violation,File created 485 days BEFORE volume creation - IMPOSSIBLE,2014-01-25 19:40:01,After 2015-05-26,485.0,Volume Boundary
System.IdentityMode#,CRITICAL,100.0,volume_boundary_violation,File created 485 days BEFORE volume creation - IMPOSSIBLE,2014-01-25 19:39:30,After 2015-05-26,485.0,Volume Boundary
18426ed1d628337b63eed26e16fe6fc6,CRITICAL,100.0,volume_boundary_violation,File created 485 days BEFORE volume creation - IMPOSSIBLE,2014-01-25 19:40:01,After 2015-05-26,485.0,Volume Boundary
Microsoft.Transacti#,CRITICAL,100.0,volume_boundary_violation,File created 485 days BEFORE volume creation - IMPOSSIBLE,2014-01-25 19:39:32,After 2015-05-26,485.0,Volume Boundary
bb969ee3aca1f4045d48540662145a8e,CRITICAL,100.0,volume_boundary_violation,File created 485 days BEFORE volume creation - IMPOSSIBLE,2014-01-25 19:40:02,After 2015-05-26,485.0,Volume Boundary
AuditPolicyGPManage#,CRITICAL,100.0,volume_boundary_violation,File created 485 days BEFORE volume creation - IMPOSSIBLE,2014-01-25 19:39:32,After 2015-05-26,485.0,Volume Boundary
fc3e3300de6a792dbc12915f329ab849,CRITICAL,100.0,volume_boundary_violation,File created 485 days BEFORE volume creation - IMPOSSIBLE,2014-01-25 19:40:02,After 2015-05-26,485.0,Volume Boundary
BDATunePIA,CRITICAL,100.0,volume_boundary_violation,File created 485 days BEFORE volume creation - IMPOSSIBLE,2014-01-25 19:42:56,After 2015-05-26,485.0,Volume Boundary
77969b7d67a4d6bfe3e7d01f4ba32f4b,CRITICAL,100.0,volume_boundary_violation,File created 485 days BEFORE volume creation - IMPOSSIBLE,2014-01-25 19:40:03,After 2015-05-26,485.0,Volume Boundary
ca2a618435637aef503c3f43c122bca8,CRITICAL,100.0,volume_boundary_violation,File created 485 days BEFORE volume creation - IMPOSSIBLE,2014-01-25 19:40:31,After 2015-05-26,485.0,Volume Boundary
CustomMarshalers,CRITICAL,100.0,volume_boundary_violation,File created 485 days BEFORE volume creation - IMPOSSIBLE,2014-01-25 19:40:31,After 2015-05-26,485.0,Volume Boundary
de6ee26de5e4f343509de7e92ab48ba6,CRITICAL,100.0,volume_boundary_violation,File created 485 days BEFORE volume creation - IMPOSSIBLE,2014-01-25 19:40:31,After 2015-05-26,485.0,Volume Boundary
44f6e17e8a034aee7128f7c867aafe1c,CRITICAL,100.0,volume_boundary_violation,File created 485 days BEFORE volume creation - IMPOSSIBLE,2014-01-25 19:40:37,After 2015-05-26,485.0,Volume Boundary
8264a928c30c29b40e6671a112f6154d,CRITICAL,100.0,volume_boundary_violation,File created 485 days BEFORE volume creation - IMPOSSIBLE,2014-01-25 19:40:31,After 2015-05-26,485.0,Volume Boundary
ehExtHost32,CRITICAL,100.0,volume_boundary_violation,File created 485 days BEFORE volume creation - IMPOSSIBLE,2014-01-25 19:40:32,After 2015-05-26,485.0,Volume Boundary
6afb49d1088915caeeb243a93d3c78c4,CRITICAL,100.0,volume_boundary_violation,File created 485 days BEFORE volume creation - IMPOSSIBLE,2014-01-25 19:40:32,After 2015-05-26,485.0,Volume Boundary
86c9bf31dab99a2f8eca9eb94125aac2,CRITICAL,100.0,volume_boundary_violation,File created 485 days BEFORE volume creation - IMPOSSIBLE,2014-01-25 19:40:38,After 2015-05-26,485.0,Volume Boundary
e883ad7e04c6c997d9c029c9ae45899b,CRITICAL,100.0,volume_boundary_violation,File created 485 days BEFORE volume creation - IMPOSSIBLE,2014-01-25 19:40:39,After 2015-05-26,485.0,Volume Boundary
cebbfc2b64a8f6521debbea1e7c16ebf,CRITICAL,100.0,volume_boundary_violation,File created 485 days BEFORE volume creation - IMPOSSIBLE,2014-01-25 19:40:41,After 2015-05-26,485.0,Volume Boundary
61deaf3f9b7d6d07d333884c517e41a2,CRITICAL,100.0,volume_boundary_violation,File created 485 days BEFORE volume creation - IMPOSSIBLE,2014-01-25 19:40:43,After 2015-05-26,485.0,Volume Boundary
mcstoredb,CRITICAL,100.0,volume_boundary_violation,File created 485 days BEFORE volume creation - IMPOSSIBLE,2014-01-25 19:40:44,After 2015-05-26,485.0,Volume Boundary
cc73e27d50aacaea20854778d64cc4d7,CRITICAL,100.0,volume_boundary_violation,File created 485 days BEFORE volume creation - IMPOSSIBLE,2014-01-25 19:40:44,After 2015-05-26,485.0,Volume Boundary
3b88f36f767455c2d76d8e64d58d0ffa,CRITICAL,100.0,volume_boundary_violation,File created 485 days BEFORE volume creation - IMPOSSIBLE,2014-01-25 19:40:44,After 2015-05-26,485.0,Volume Boundary
3672723f4114899145cf2f8c0ec6529d,CRITICAL,100.0,volume_boundary_violation,File created 485 days BEFORE volume creation - IMPOSSIBLE,2014-01-25 19:40:44,After 2015-05-26,485.0,Volume Boundary
7e59187b592f60d8c859c0feac329ce4,CRITICAL,100.0,volume_boundary_violation,File created 485 days BEFORE volume creation - IMPOSSIBLE,2014-01-25 19:40:45,After 2015-05-26,485.0,Volume Boundary
Microsoft.Managemen#,CRITICAL,100.0,volume_boundary_violation,File created 485 days BEFORE volume creation - IMPOSSIBLE,2014-01-25 19:40:46,After 2015-05-26,485.0,Volume Boundary
2428e6f8db2f1570df3dbf7710cfd90a,CRITICAL,100.0,volume_boundary_violation,File created 485 days BEFORE volume creation - IMPOSSIBLE,2014-01-25 19:40:46,After 2015-05-26,485.0,Volume Boundary
05b19b6b81ed6ff4be404bf68be5fd7c,CRITICAL,100.0,volume_boundary_violation,File created 485 days BEFORE volume creation - IMPOSSIBLE,2014-01-25 19:40:46,After 2015-05-26,485.0,Volume Boundary
2b9b6b5820a07ccb8b16d143f446eea1,CRITICAL,100.0,volume_boundary_violation,File created 485 days BEFORE volume creation - IMPOSSIBLE,2014-01-25 19:40:49,After 2015-05-26,485.0,Volume Boundary
Microsoft.Applicati#,CRITICAL,100.0,volume_boundary_violation,File created 485 days BEFORE volume creation - IMPOSSIBLE,2014-01-25 19:40:50,After 2015-05-26,485.0,Volume Boundary
73e4f9573f1cc61989656f4eb2db58f8,CRITICAL,100.0,volume_boundary_violation,File created 485 days BEFORE volume creation - IMPOSSIBLE,2014-01-25 19:40:50,After 2015-05-26,485.0,Volume Boundary
601fff44f98c2eb16ca02c5dd53d3198,CRITICAL,100.0,volume_boundary_violation,File created 485 days BEFORE volume creation - IMPOSSIBLE,2014-01-25 19:40:51,After 2015-05-26,485.0,Volume Boundary
Microsoft.Security.#,CRITICAL,100.0,volume_boundary_violation,File created 485 days BEFORE volume creation - IMPOSSIBLE,2014-01-25 19:40:51,After 2015-05-26,485.0,Volume Boundary
f8091d79dfdeabe75d9ab07d1a7a21dc,CRITICAL,100.0,volume_boundary_violation,File created 485 days BEFORE volume creation - IMPOSSIBLE,2014-01-25 19:40:51,After 2015-05-26,485.0,Volume Boundary
3954bf5a568910b6697a67fcd89e780b,CRITICAL,100.0,volume_boundary_violation,File created 485 days BEFORE volume creation - IMPOSSIBLE,2014-01-25 19:40:51,After 2015-05-26,485.0,Volume Boundary
5d43e589fb7f89aac4c2b0705d50c46a,CRITICAL,100.0,volume_boundary_violation,File created 485 days BEFORE volume creation - IMPOSSIBLE,2014-01-25 19:40:51,After 2015-05-26,485.0,Volume Boundary
152bca783b6d3658c53a94c8610fc152,CRITICAL,100.0,volume_boundary_violation,File created 485 days BEFORE volume creation - IMPOSSIBLE,2014-01-25 19:40:51,After 2015-05-26,485.0,Volume Boundary
Microsoft.Build.Con#,CRITICAL,100.0,volume_boundary_violation,File created 485 days BEFORE volume creation - IMPOSSIBLE,2014-01-25 19:40:52,After 2015-05-26,485.0,Volume Boundary
ca7c11df7141c74c1baa5bc33ea4e308,CRITICAL,100.0,volume_boundary_violation,File created 485 days BEFORE volume creation - IMPOSSIBLE,2014-01-25 19:40:52,After 2015-05-26,485.0,Volume Boundary
Microsoft.Build.Eng#,CRITICAL,100.0,volume_boundary_violation,File created 485 days BEFORE volume creation - IMPOSSIBLE,2014-01-25 19:40:53,After 2015-05-26,485.0,Volume Boundary
cf9ec152bdca458b20de6a180f7de2c7,CRITICAL,100.0,volume_boundary_violation,File created 485 days BEFORE volume creation - IMPOSSIBLE,2014-01-25 19:40:53,After 2015-05-26,485.0,Volume Boundary
a6bfcff85912aecd1d9d1fd75e5d0ace,CRITICAL,100.0,volume_boundary_violation,File created 485 days BEFORE volume creation - IMPOSSIBLE,2014-01-25 19:40:54,After 2015-05-26,485.0,Volume Boundary
Microsoft.Build.Fra#,CRITICAL,100.0,volume_boundary_violation,File created 485 days BEFORE volume creation - IMPOSSIBLE,2014-01-25 19:40:53,After 2015-05-26,485.0,Volume Boundary
af8bdc5a02c5377248ef1a509d1baf57,CRITICAL,100.0,volume_boundary_violation,File created 485 days BEFORE volume creation - IMPOSSIBLE,2014-01-25 19:40:53,After 2015-05-26,485.0,Volume Boundary
93ca1f2a2bf563c04b07b2f798058b96,CRITICAL,100.0,volume_boundary_violation,File created 485 days BEFORE volume creation - IMPOSSIBLE,2014-01-25 19:40:54,After 2015-05-26,485.0,Volume Boundary
Microsoft.Build.Tas#,CRITICAL,100.0,volume_boundary_violation,File created 485 days BEFORE volume creation - IMPOSSIBLE,2014-01-25 19:40:56,After 2015-05-26,485.0,Volume Boundary
cff0d14be1427c4e8bd1349388ddc0fb,CRITICAL,100.0,volume_boundary_violation,File created 485 days BEFORE volume creation - IMPOSSIBLE,2014-01-25 19:40:56,After 2015-05-26,485.0,Volume Boundary
b68d1be2900f17c9b480f2c4f36921ea,CRITICAL,100.0,volume_boundary_violation,File created 485 days BEFORE volume creation - IMPOSSIBLE,2014-01-25 19:40:57,After 2015-05-26,485.0,Volume Boundary
Microsoft.Build.Uti#,CRITICAL,100.0,volume_boundary_violation,File created 485 days BEFORE volume creation - IMPOSSIBLE,2014-01-25 19:40:57,After 2015-05-26,485.0,Volume Boundary
ac74cb6134550cf60ec9cd7e2c547f26,CRITICAL,100.0,volume_boundary_violation,File created 485 days BEFORE volume creation - IMPOSSIBLE,2014-01-25 19:40:57,After 2015-05-26,485.0,Volume Boundary
40758507740f21dc8de4c62ec944afce,CRITICAL,100.0,volume_boundary_violation,File created 485 days BEFORE volume creation - IMPOSSIBLE,2014-01-25 19:40:57,After 2015-05-26,485.0,Volume Boundary
Microsoft.GroupPoli#,CRITICAL,100.0,volume_boundary_violation,File created 485 days BEFORE volume creation - IMPOSSIBLE,2014-01-25 19:40:58,After 2015-05-26,485.0,Volume Boundary
dccb122c0bfacde9ab06f58aadcd1534,CRITICAL,100.0,volume_boundary_violation,File created 485 days BEFORE volume creation - IMPOSSIBLE,2014-01-25 19:40:58,After 2015-05-26,485.0,Volume Boundary
d63d668f2070d20099a2103349e16a77,CRITICAL,100.0,volume_boundary_violation,File created 485 days BEFORE volume creation - IMPOSSIBLE,2014-01-25 19:40:59,After 2015-05-26,485.0,Volume Boundary
312d59a0a7620bc8c1c19e63c86cadd5,CRITICAL,100.0,volume_boundary_violation,File created 485 days BEFORE volume creation - IMPOSSIBLE,2014-01-25 19:41:02,After 2015-05-26,485.0,Volume Boundary
SecurityAuditPolici#,CRITICAL,100.0,volume_boundary_violation,File created 485 days BEFORE volume creation - IMPOSSIBLE,2014-01-25 19:41:02,After 2015-05-26,485.0,Volume Boundary
0ae1f9c27230718c72bbb2b5c81d4b4e,CRITICAL,100.0,volume_boundary_violation,File created 485 days BEFORE volume creation - IMPOSSIBLE,2014-01-25 19:24:28,After 2015-05-26,485.0,Volume Boundary
bda1d99ab089bb2f18a48ba06d5a4923,CRITICAL,100.0,volume_boundary_violation,File created 485 days BEFORE volume creation - IMPOSSIBLE,2014-01-25 19:24:29,After 2015-05-26,485.0,Volume Boundary
c804ef4dba76d2aa3db8d22ec5fbf4e0,CRITICAL,100.0,volume_boundary_violation,File created 485 days BEFORE volume creation - IMPOSSIBLE,2014-01-25 19:24:47,After 2015-05-26,485.0,Volume Boundary
4c88cbf80a16546bb7ff415076de692c,CRITICAL,100.0,volume_boundary_violation,File created 485 days BEFORE volume creation - IMPOSSIBLE,2014-01-25 19:24:50,After 2015-05-26,485.0,Volume Boundary
3c626ce0dcc123b0d78c8d9500e2180c,CRITICAL,100.0,volume_boundary_violation,File created 485 days BEFORE volume creation - IMPOSSIBLE,2014-01-25 19:25:04,After 2015-05-26,485.0,Volume Boundary
ab90a9b07247a05d1eec0689642bc99e,CRITICAL,100.0,volume_boundary_violation,File created 485 days BEFORE volume creation - IMPOSSIBLE,2014-01-25 19:25:04,After 2015-05-26,485.0,Volume Boundary
bcdc7d59f3f8ed743115a7e706e6232a,CRITICAL,100.0,volume_boundary_violation,File created 485 days BEFORE volume creation - IMPOSSIBLE,2014-01-25 19:25:04,After 2015-05-26,485.0,Volume Boundary
584957503dbd747f204abd55e5e6fab0,CRITICAL,100.0,volume_boundary_violation,File created 485 days BEFORE volume creation - IMPOSSIBLE,2014-01-25 19:25:05,After 2015-05-26,485.0,Volume Boundary
071f13d8962e627c037bef0de58086f4,CRITICAL,100.0,volume_boundary_violation,File created 485 days BEFORE volume creation - IMPOSSIBLE,2014-01-25 19:25:11,After 2015-05-26,485.0,Volume Boundary
700ecb9211d21b87de6d7c8bde8a5d17,CRITICAL,100.0,volume_boundary_violation,File created 485 days BEFORE volume creation - IMPOSSIBLE,2014-01-25 19:25:19,After 2015-05-26,485.0,Volume Boundary
8b7ee9e824b422cd6c86630eb12dddb0,CRITICAL,100.0,volume_boundary_violation,File created 485 days BEFORE volume creation - IMPOSSIBLE,2014-01-25 19:25:23,After 2015-05-26,485.0,Volume Boundary
866066edf3131203ffed980bf90092d8,CRITICAL,100.0,volume_boundary_violation,File created 485 days BEFORE volume creation - IMPOSSIBLE,2014-01-25 19:38:41,After 2015-05-26,485.0,Volume Boundary
b3b4d44d80055c9e96909f153ff92fbc,CRITICAL,100.0,volume_boundary_violation,File created 485 days BEFORE volume creation - IMPOSSIBLE,2014-01-25 19:38:45,After 2015-05-26,485.0,Volume Boundary
a9843f3bf71ff143d2d633fc27bb9cd5,CRITICAL,100.0,volume_boundary_violation,File created 485 days BEFORE volume creation - IMPOSSIBLE,2014-01-25 19:38:45,After 2015-05-26,485.0,Volume Boundary
8b93ac24df2c25f8b804b7ce3ce67e46,CRITICAL,100.0,volume_boundary_violation,File created 485 days BEFORE volume creation - IMPOSSIBLE,2014-01-25 19:38:48,After 2015-05-26,485.0,Volume Boundary
dbfc784cc4bde7b16fb471e14563569d,CRITICAL,100.0,volume_boundary_violation,File created 485 days BEFORE volume creation - IMPOSSIBLE,2014-01-25 19:38:53,After 2015-05-26,485.0,Volume Boundary
02d78815f420ccf7aaa9a81fe267a724,CRITICAL,100.0,volume_boundary_violation,File created 485 days BEFORE volume creation - IMPOSSIBLE,2014-01-25 19:39:29,After 2015-05-26,485.0,Volume Boundary
c070a65d1e06e53b9d31b923a5b2916a,CRITICAL,100.0,volume_boundary_violation,File created 485 days BEFORE volume creation - IMPOSSIBLE,2014-01-25 19:39:30,After 2015-05-26,485.0,Volume Boundary
7f6a69750009da16f7b953b6ba8f4e0a,CRITICAL,100.0,volume_boundary_violation,File created 485 days BEFORE volume creation - IMPOSSIBLE,2014-01-25 19:39:30,After 2015-05-26,485.0,Volume Boundary
fe564d779c82bb5a0478c3a12fd1626d,CRITICAL,100.0,volume_boundary_violation,File created 485 days BEFORE volume creation - IMPOSSIBLE,2014-01-25 19:39:32,After 2015-05-26,485.0,Volume Boundary
36731a95301584019b63bfa7d1ee11ce,CRITICAL,100.0,volume_boundary_violation,File created 485 days BEFORE volume creation - IMPOSSIBLE,2014-01-25 19:39:32,After 2015-05-26,485.0,Volume Boundary
ZAP6B8E.tmp,CRITICAL,100.0,volume_boundary_violation,File created 1647 days BEFORE volume creation - IMPOSSIBLE,2010-11-21 09:22:54,After 2015-05-26,1647.0,Volume Boundary
ZAPE291.tmp,CRITICAL,100.0,volume_boundary_violation,File created 2142 days BEFORE volume creation - IMPOSSIBLE,2009-07-14 10:24:38,After 2015-05-26,2142.0,Volume Boundary
ZAPE56E.tmp,CRITICAL,100.0,volume_boundary_violation,File created 2142 days BEFORE volume creation - IMPOSSIBLE,2009-07-14 10:31:12,After 2015-05-26,2142.0,Volume Boundary
config,HIGH,75.0,timestamp_order_anomaly,Timestamp sequence anomaly: MFT Modified (2014-01-30) is 481.0 days BEFORE Created (2015-05-26) - IMPOSSIBLE - CLEAR TAMPERING,2015-05-26 18:17:22,,,Timeline (MACE Analysis)
SYSTEM.vhd,HIGH,75.0,timestamp_order_anomaly,Timestamp sequence anomaly: MFT Modified (2014-01-30) is 481.0 days BEFORE Created (2015-05-26) - IMPOSSIBLE - CLEAR TAMPERING,2015-05-26 18:35:09,,,Timeline (MACE Analysis)
$OrphanFiles,HIGH,75.0,zero_timestamp,Zero/empty timestamp (Windows epoch 1601) - indicates file timestamp manipulation,0000-00-00 00:00:00,Valid date after 1970,,Timeline
